rec,val.pm1,val.pm2p5,val.pm10,tag,src
2019-03-20T00:01:00Z,9.1,14.2,28.5,scs-bgx-501,N2
2019-03-20T00:02:00Z,8.5,13.4,31.3,scs-bgx-501,N2
2019-03-20T00:03:00Z,8.9,13.6,33.3,scs-bgx-501,N2
2019-03-20T00:04:00Z,8.4,13.0,41.3,scs-bgx-501,N2
2019-03-20T00:05:00Z,8.1,12.6,33.8,scs-bgx-501,N2
2019-03-20T00:06:00Z,8.6,13.4,28.1,scs-bgx-501,N2
2019-03-20T00:07:00Z,8.5,13.1,29.2,scs-bgx-501,N2
2019-03-20T00:08:00Z,8.8,13.9,26.9,scs-bgx-501,N2
2019-03-20T00:09:00Z,8.9,14.2,36.2,scs-bgx-501,N2
2019-03-20T00:10:00Z,8.8,14.2,40.6,scs-bgx-501,N2
2019-03-20T00:11:00Z,8.7,13.9,37.1,scs-bgx-501,N2
2019-03-20T00:12:00Z,9.0,14.0,31.5,scs-bgx-501,N2
2019-03-20T00:13:00Z,8.9,14.1,33.1,scs-bgx-501,N2
2019-03-20T00:14:00Z,8.5,13.2,30.4,scs-bgx-501,N2
2019-03-20T00:15:00Z,8.6,13.7,31.8,scs-bgx-501,N2
2019-03-20T00:16:00Z,8.6,13.5,35.0,scs-bgx-501,N2
2019-03-20T00:17:00Z,8.5,13.0,31.8,scs-bgx-501,N2
2019-03-20T00:18:00Z,8.4,13.1,28.5,scs-bgx-501,N2
2019-03-20T00:19:00Z,8.5,13.4,28.0,scs-bgx-501,N2
2019-03-20T00:20:00Z,8.5,13.5,32.9,scs-bgx-501,N2
2019-03-20T00:21:00Z,9.2,14.4,32.6,scs-bgx-501,N2
2019-03-20T00:22:00Z,9.2,14.5,32.6,scs-bgx-501,N2
2019-03-20T00:23:00Z,8.9,14.0,35.2,scs-bgx-501,N2
2019-03-20T00:24:00Z,9.0,14.3,36.0,scs-bgx-501,N2
2019-03-20T00:25:00Z,8.9,14.2,40.7,scs-bgx-501,N2
2019-03-20T00:26:00Z,8.9,14.2,43.8,scs-bgx-501,N2
2019-03-20T00:27:00Z,9.0,14.2,35.2,scs-bgx-501,N2
2019-03-20T00:28:00Z,9.3,14.8,33.1,scs-bgx-501,N2
2019-03-20T00:29:00Z,10.0,15.8,36.1,scs-bgx-501,N2
2019-03-20T00:30:00Z,9.4,14.9,39.3,scs-bgx-501,N2
2019-03-20T00:31:00Z,9.8,15.6,47.5,scs-bgx-501,N2
2019-03-20T00:32:00Z,9.5,15.0,43.0,scs-bgx-501,N2
2019-03-20T00:33:00Z,10.0,15.6,46.5,scs-bgx-501,N2
2019-03-20T00:34:00Z,9.9,15.5,41.1,scs-bgx-501,N2
2019-03-20T00:35:00Z,9.7,15.1,34.9,scs-bgx-501,N2
2019-03-20T00:36:00Z,9.7,15.4,32.5,scs-bgx-501,N2
2019-03-20T00:37:00Z,10.4,16.5,42.7,scs-bgx-501,N2
2019-03-20T00:38:00Z,10.8,16.2,30.5,scs-bgx-501,N2
2019-03-20T00:39:00Z,10.7,16.0,27.4,scs-bgx-501,N2
2019-03-20T00:40:00Z,10.6,15.8,32.3,scs-bgx-501,N2
2019-03-20T00:41:00Z,9.9,14.8,32.5,scs-bgx-501,N2
2019-03-20T00:42:00Z,10.1,15.3,36.8,scs-bgx-501,N2
2019-03-20T00:43:00Z,10.1,15.2,42.0,scs-bgx-501,N2
2019-03-20T00:44:00Z,10.3,15.7,35.5,scs-bgx-501,N2
2019-03-20T00:45:00Z,10.0,15.1,35.3,scs-bgx-501,N2
2019-03-20T00:46:00Z,10.1,15.3,34.4,scs-bgx-501,N2
2019-03-20T00:47:00Z,10.6,15.6,33.1,scs-bgx-501,N2
2019-03-20T00:48:00Z,10.6,15.8,41.0,scs-bgx-501,N2
2019-03-20T00:49:00Z,10.4,15.6,32.9,scs-bgx-501,N2
2019-03-20T00:50:00Z,10.5,15.8,28.4,scs-bgx-501,N2
2019-03-20T00:51:00Z,10.8,16.1,34.1,scs-bgx-501,N2
2019-03-20T00:52:00Z,10.9,16.5,42.7,scs-bgx-501,N2
2019-03-20T00:53:00Z,10.4,15.8,33.6,scs-bgx-501,N2
2019-03-20T00:54:00Z,10.2,15.3,28.2,scs-bgx-501,N2
2019-03-20T00:55:00Z,10.8,16.0,28.2,scs-bgx-501,N2
2019-03-20T00:56:00Z,11.1,16.5,31.1,scs-bgx-501,N2
2019-03-20T00:57:00Z,10.8,15.7,25.0,scs-bgx-501,N2
2019-03-20T00:58:00Z,11.0,16.2,26.7,scs-bgx-501,N2
2019-03-20T00:59:00Z,10.6,15.6,32.6,scs-bgx-501,N2
2019-03-20T01:00:00Z,10.7,15.7,38.5,scs-bgx-501,N2
2019-03-20T01:01:00Z,10.7,15.8,29.8,scs-bgx-501,N2
2019-03-20T01:02:00Z,10.7,15.7,29.0,scs-bgx-501,N2
2019-03-20T01:03:00Z,10.8,15.9,30.7,scs-bgx-501,N2
2019-03-20T01:04:00Z,10.9,16.0,36.5,scs-bgx-501,N2
2019-03-20T01:05:00Z,11.2,16.6,30.4,scs-bgx-501,N2
2019-03-20T01:06:00Z,11.0,16.0,24.1,scs-bgx-501,N2
2019-03-20T01:07:00Z,11.3,16.5,31.9,scs-bgx-501,N2
2019-03-20T01:08:00Z,11.5,16.9,30.6,scs-bgx-501,N2
2019-03-20T01:09:00Z,11.2,16.4,32.8,scs-bgx-501,N2
2019-03-20T01:10:00Z,11.7,17.2,35.2,scs-bgx-501,N2
2019-03-20T01:11:00Z,11.3,16.5,30.7,scs-bgx-501,N2
2019-03-20T01:12:00Z,12.0,17.4,24.6,scs-bgx-501,N2
2019-03-20T01:13:00Z,11.8,17.1,28.6,scs-bgx-501,N2
2019-03-20T01:14:00Z,11.7,17.0,26.8,scs-bgx-501,N2
2019-03-20T01:15:00Z,11.5,16.8,31.9,scs-bgx-501,N2
2019-03-20T01:16:00Z,12.1,17.5,30.8,scs-bgx-501,N2
2019-03-20T01:17:00Z,11.6,17.1,34.8,scs-bgx-501,N2
2019-03-20T01:18:00Z,11.7,17.2,33.5,scs-bgx-501,N2
2019-03-20T01:19:00Z,11.4,16.6,35.8,scs-bgx-501,N2
2019-03-20T01:20:00Z,11.2,16.3,31.9,scs-bgx-501,N2
2019-03-20T01:21:00Z,11.4,16.8,32.0,scs-bgx-501,N2
2019-03-20T01:22:00Z,11.7,17.2,31.1,scs-bgx-501,N2
2019-03-20T01:23:00Z,12.1,17.6,29.2,scs-bgx-501,N2
2019-03-20T01:24:00Z,12.5,18.5,33.8,scs-bgx-501,N2
2019-03-20T01:25:00Z,12.7,18.7,36.8,scs-bgx-501,N2
2019-03-20T01:26:00Z,12.1,17.8,39.8,scs-bgx-501,N2
2019-03-20T01:27:00Z,11.9,17.4,28.1,scs-bgx-501,N2
2019-03-20T01:28:00Z,11.9,17.5,31.7,scs-bgx-501,N2
2019-03-20T01:29:00Z,12.1,17.9,37.2,scs-bgx-501,N2
2019-03-20T01:30:00Z,12.0,17.7,33.5,scs-bgx-501,N2
2019-03-20T01:31:00Z,13.1,19.3,30.9,scs-bgx-501,N2
2019-03-20T01:32:00Z,13.7,20.0,35.5,scs-bgx-501,N2
2019-03-20T01:33:00Z,13.4,19.6,35.1,scs-bgx-501,N2
2019-03-20T01:34:00Z,13.3,19.8,35.2,scs-bgx-501,N2
2019-03-20T01:35:00Z,12.6,18.6,37.1,scs-bgx-501,N2
2019-03-20T01:36:00Z,12.3,18.2,45.3,scs-bgx-501,N2
2019-03-20T01:37:00Z,13.0,19.2,38.7,scs-bgx-501,N2
2019-03-20T01:38:00Z,12.6,18.5,38.2,scs-bgx-501,N2
2019-03-20T01:39:00Z,12.5,18.3,33.0,scs-bgx-501,N2
2019-03-20T01:40:00Z,12.6,18.6,37.9,scs-bgx-501,N2
2019-03-20T01:41:00Z,12.6,18.5,32.6,scs-bgx-501,N2
2019-03-20T01:42:00Z,12.6,18.4,36.3,scs-bgx-501,N2
2019-03-20T01:43:00Z,12.7,18.7,34.6,scs-bgx-501,N2
2019-03-20T01:44:00Z,12.8,18.8,36.7,scs-bgx-501,N2
2019-03-20T01:45:00Z,12.9,19.1,36.4,scs-bgx-501,N2
2019-03-20T01:46:00Z,13.1,19.4,32.9,scs-bgx-501,N2
2019-03-20T01:47:00Z,13.2,19.5,37.4,scs-bgx-501,N2
2019-03-20T01:48:00Z,13.0,19.3,37.2,scs-bgx-501,N2
2019-03-20T01:49:00Z,13.3,19.8,41.1,scs-bgx-501,N2
2019-03-20T01:50:00Z,13.1,19.4,38.2,scs-bgx-501,N2
2019-03-20T01:51:00Z,13.2,19.6,39.6,scs-bgx-501,N2
2019-03-20T01:52:00Z,13.4,19.7,39.5,scs-bgx-501,N2
2019-03-20T01:53:00Z,13.2,19.3,40.5,scs-bgx-501,N2
2019-03-20T01:54:00Z,13.3,19.7,33.8,scs-bgx-501,N2
2019-03-20T01:55:00Z,13.6,20.0,35.4,scs-bgx-501,N2
2019-03-20T01:56:00Z,13.0,19.2,34.7,scs-bgx-501,N2
2019-03-20T01:57:00Z,13.0,19.2,38.0,scs-bgx-501,N2
2019-03-20T01:58:00Z,12.5,18.4,37.2,scs-bgx-501,N2
2019-03-20T01:59:00Z,13.1,19.3,36.8,scs-bgx-501,N2
2019-03-20T02:00:00Z,13.4,19.6,36.7,scs-bgx-501,N2
2019-03-20T02:01:00Z,13.3,19.7,37.0,scs-bgx-501,N2
2019-03-20T02:02:00Z,13.5,19.8,34.3,scs-bgx-501,N2
2019-03-20T02:03:00Z,13.3,19.6,37.6,scs-bgx-501,N2
2019-03-20T02:04:00Z,13.1,19.3,31.7,scs-bgx-501,N2
2019-03-20T02:05:00Z,13.6,19.8,34.8,scs-bgx-501,N2
2019-03-20T02:06:00Z,13.0,19.4,33.1,scs-bgx-501,N2
2019-03-20T02:07:00Z,13.2,19.6,34.3,scs-bgx-501,N2
2019-03-20T02:08:00Z,13.1,19.4,36.0,scs-bgx-501,N2
2019-03-20T02:09:00Z,12.9,19.1,35.7,scs-bgx-501,N2
2019-03-20T02:10:00Z,12.6,19.0,38.2,scs-bgx-501,N2
2019-03-20T02:11:00Z,13.0,19.3,41.2,scs-bgx-501,N2
2019-03-20T02:12:00Z,13.1,19.4,33.5,scs-bgx-501,N2
2019-03-20T02:13:00Z,13.1,19.2,34.4,scs-bgx-501,N2
2019-03-20T02:14:00Z,13.8,20.6,39.8,scs-bgx-501,N2
2019-03-20T02:15:00Z,14.0,21.0,49.3,scs-bgx-501,N2
2019-03-20T02:16:00Z,14.1,21.8,45.6,scs-bgx-501,N2
2019-03-20T02:17:00Z,14.9,23.2,50.1,scs-bgx-501,N2
2019-03-20T02:18:00Z,15.0,23.0,65.7,scs-bgx-501,N2
2019-03-20T02:19:00Z,14.7,23.0,57.3,scs-bgx-501,N2
2019-03-20T02:20:00Z,15.5,24.6,63.5,scs-bgx-501,N2
2019-03-20T02:21:00Z,14.1,21.7,55.5,scs-bgx-501,N2
2019-03-20T02:22:00Z,14.8,22.5,55.5,scs-bgx-501,N2
2019-03-20T02:23:00Z,14.1,21.8,49.2,scs-bgx-501,N2
2019-03-20T02:24:00Z,14.1,21.4,52.8,scs-bgx-501,N2
2019-03-20T02:25:00Z,13.7,21.0,44.3,scs-bgx-501,N2
2019-03-20T02:26:00Z,13.8,21.0,44.6,scs-bgx-501,N2
2019-03-20T02:27:00Z,13.5,20.7,40.6,scs-bgx-501,N2
2019-03-20T02:28:00Z,14.0,21.5,48.2,scs-bgx-501,N2
2019-03-20T02:29:00Z,14.4,22.1,46.7,scs-bgx-501,N2
2019-03-20T02:30:00Z,14.5,22.4,48.7,scs-bgx-501,N2
2019-03-20T02:31:00Z,15.6,24.4,62.4,scs-bgx-501,N2
2019-03-20T02:32:00Z,15.7,24.3,52.9,scs-bgx-501,N2
2019-03-20T02:33:00Z,15.2,23.7,60.5,scs-bgx-501,N2
2019-03-20T02:34:00Z,15.1,23.5,58.5,scs-bgx-501,N2
2019-03-20T02:35:00Z,14.8,22.9,58.1,scs-bgx-501,N2
2019-03-20T02:36:00Z,14.2,21.8,53.3,scs-bgx-501,N2
2019-03-20T02:37:00Z,13.7,20.7,49.1,scs-bgx-501,N2
2019-03-20T02:38:00Z,14.4,22.0,50.9,scs-bgx-501,N2
2019-03-20T02:39:00Z,14.8,22.4,51.6,scs-bgx-501,N2
2019-03-20T02:40:00Z,14.6,22.2,44.5,scs-bgx-501,N2
2019-03-20T02:41:00Z,14.8,22.5,50.0,scs-bgx-501,N2
2019-03-20T02:42:00Z,15.0,22.8,55.2,scs-bgx-501,N2
2019-03-20T02:43:00Z,15.0,22.8,55.2,scs-bgx-501,N2
2019-03-20T02:44:00Z,14.9,22.4,43.1,scs-bgx-501,N2
2019-03-20T02:45:00Z,14.4,21.9,53.2,scs-bgx-501,N2
2019-03-20T02:46:00Z,15.1,22.7,49.9,scs-bgx-501,N2
2019-03-20T02:47:00Z,14.7,21.9,48.9,scs-bgx-501,N2
2019-03-20T02:48:00Z,14.9,22.4,52.0,scs-bgx-501,N2
2019-03-20T02:49:00Z,14.9,22.5,40.5,scs-bgx-501,N2
2019-03-20T02:50:00Z,15.0,22.4,42.9,scs-bgx-501,N2
2019-03-20T02:51:00Z,13.6,20.2,44.7,scs-bgx-501,N2
2019-03-20T02:52:00Z,13.7,20.2,45.3,scs-bgx-501,N2
2019-03-20T02:53:00Z,13.6,20.3,43.0,scs-bgx-501,N2
2019-03-20T02:54:00Z,13.7,20.5,51.8,scs-bgx-501,N2
2019-03-20T02:55:00Z,14.4,21.1,42.3,scs-bgx-501,N2
2019-03-20T02:56:00Z,14.4,21.3,43.9,scs-bgx-501,N2
2019-03-20T02:57:00Z,13.9,20.5,44.5,scs-bgx-501,N2
2019-03-20T02:58:00Z,14.1,20.5,46.2,scs-bgx-501,N2
2019-03-20T02:59:00Z,13.8,20.0,37.2,scs-bgx-501,N2
2019-03-20T03:00:00Z,14.8,21.2,34.8,scs-bgx-501,N2
2019-03-20T03:01:00Z,14.8,21.2,43.8,scs-bgx-501,N2
2019-03-20T03:02:00Z,14.8,21.2,45.9,scs-bgx-501,N2
2019-03-20T03:03:00Z,14.6,20.9,49.1,scs-bgx-501,N2
2019-03-20T03:04:00Z,14.6,20.8,45.8,scs-bgx-501,N2
2019-03-20T03:05:00Z,14.9,21.4,49.8,scs-bgx-501,N2
2019-03-20T03:06:00Z,15.1,21.8,50.7,scs-bgx-501,N2
2019-03-20T03:07:00Z,15.1,21.7,49.2,scs-bgx-501,N2
2019-03-20T03:08:00Z,14.7,21.2,48.6,scs-bgx-501,N2
2019-03-20T03:09:00Z,14.8,21.4,48.2,scs-bgx-501,N2
2019-03-20T03:10:00Z,14.7,21.1,43.4,scs-bgx-501,N2
2019-03-20T03:11:00Z,14.9,21.3,47.1,scs-bgx-501,N2
2019-03-20T03:12:00Z,15.5,21.9,41.1,scs-bgx-501,N2
2019-03-20T03:13:00Z,15.1,21.5,43.4,scs-bgx-501,N2
2019-03-20T03:14:00Z,14.6,20.9,42.4,scs-bgx-501,N2
2019-03-20T03:15:00Z,14.4,20.4,41.2,scs-bgx-501,N2
2019-03-20T03:16:00Z,13.8,19.9,45.3,scs-bgx-501,N2
2019-03-20T03:17:00Z,14.2,20.4,45.5,scs-bgx-501,N2
2019-03-20T03:18:00Z,14.5,20.9,43.5,scs-bgx-501,N2
2019-03-20T03:19:00Z,14.3,20.7,48.0,scs-bgx-501,N2
2019-03-20T03:20:00Z,14.4,20.9,42.9,scs-bgx-501,N2
2019-03-20T03:21:00Z,15.6,22.8,44.1,scs-bgx-501,N2
2019-03-20T03:22:00Z,16.5,24.3,48.6,scs-bgx-501,N2
2019-03-20T03:23:00Z,16.5,24.4,54.3,scs-bgx-501,N2
2019-03-20T03:24:00Z,15.8,23.3,45.3,scs-bgx-501,N2
2019-03-20T03:25:00Z,16.1,23.6,53.3,scs-bgx-501,N2
2019-03-20T03:26:00Z,14.5,21.0,53.5,scs-bgx-501,N2
2019-03-20T03:27:00Z,14.6,21.7,51.3,scs-bgx-501,N2
2019-03-20T03:28:00Z,14.6,21.8,54.1,scs-bgx-501,N2
2019-03-20T03:29:00Z,15.8,23.5,56.6,scs-bgx-501,N2
2019-03-20T03:30:00Z,16.6,24.5,54.2,scs-bgx-501,N2
2019-03-20T03:31:00Z,16.6,24.8,60.0,scs-bgx-501,N2
2019-03-20T03:32:00Z,17.0,25.7,71.4,scs-bgx-501,N2
2019-03-20T03:33:00Z,17.1,25.6,64.9,scs-bgx-501,N2
2019-03-20T03:34:00Z,17.2,26.4,62.0,scs-bgx-501,N2
2019-03-20T03:35:00Z,18.0,28.8,90.6,scs-bgx-501,N2
2019-03-20T03:36:00Z,18.1,28.6,75.6,scs-bgx-501,N2
2019-03-20T03:37:00Z,18.1,29.1,83.6,scs-bgx-501,N2
2019-03-20T03:38:00Z,19.6,30.7,78.3,scs-bgx-501,N2
2019-03-20T03:39:00Z,21.5,36.1,130.8,scs-bgx-501,N2
2019-03-20T03:40:00Z,21.0,35.1,129.7,scs-bgx-501,N2
2019-03-20T03:41:00Z,20.5,34.1,111.8,scs-bgx-501,N2
2019-03-20T03:42:00Z,20.3,33.1,106.3,scs-bgx-501,N2
2019-03-20T03:43:00Z,23.1,37.8,91.8,scs-bgx-501,N2
2019-03-20T03:44:00Z,22.8,36.8,95.0,scs-bgx-501,N2
2019-03-20T03:45:00Z,21.8,36.0,110.5,scs-bgx-501,N2
2019-03-20T03:46:00Z,22.7,36.8,116.9,scs-bgx-501,N2
2019-03-20T03:47:00Z,22.1,35.8,100.2,scs-bgx-501,N2
2019-03-20T03:48:00Z,21.8,35.0,96.1,scs-bgx-501,N2
2019-03-20T03:49:00Z,21.9,35.0,99.5,scs-bgx-501,N2
2019-03-20T03:50:00Z,23.1,37.2,124.6,scs-bgx-501,N2
2019-03-20T03:51:00Z,20.2,31.4,76.5,scs-bgx-501,N2
2019-03-20T03:52:00Z,21.1,32.6,90.3,scs-bgx-501,N2
2019-03-20T03:53:00Z,20.3,31.3,86.2,scs-bgx-501,N2
2019-03-20T03:54:00Z,20.4,31.4,82.7,scs-bgx-501,N2
2019-03-20T03:55:00Z,21.6,33.8,83.5,scs-bgx-501,N2
2019-03-20T03:56:00Z,20.9,32.3,80.8,scs-bgx-501,N2
2019-03-20T03:57:00Z,21.0,32.8,94.2,scs-bgx-501,N2
2019-03-20T03:58:00Z,21.7,33.7,77.7,scs-bgx-501,N2
2019-03-20T03:59:00Z,25.0,39.1,99.4,scs-bgx-501,N2
2019-03-20T04:00:00Z,23.9,37.3,105.8,scs-bgx-501,N2
2019-03-20T04:01:00Z,23.8,37.7,106.3,scs-bgx-501,N2
2019-03-20T04:02:00Z,23.6,37.2,121.8,scs-bgx-501,N2
2019-03-20T04:03:00Z,23.5,36.9,116.7,scs-bgx-501,N2
2019-03-20T04:04:00Z,23.5,36.3,122.2,scs-bgx-501,N2
2019-03-20T04:05:00Z,23.0,35.0,96.5,scs-bgx-501,N2
2019-03-20T04:06:00Z,22.7,34.6,89.1,scs-bgx-501,N2
2019-03-20T04:07:00Z,23.1,34.9,98.1,scs-bgx-501,N2
2019-03-20T04:08:00Z,22.6,33.8,76.5,scs-bgx-501,N2
2019-03-20T04:09:00Z,23.0,34.3,89.9,scs-bgx-501,N2
2019-03-20T04:10:00Z,22.3,33.2,93.8,scs-bgx-501,N2
2019-03-20T04:11:00Z,21.9,33.3,89.4,scs-bgx-501,N2
2019-03-20T04:12:00Z,21.7,32.3,82.1,scs-bgx-501,N2
2019-03-20T04:13:00Z,23.2,34.7,96.8,scs-bgx-501,N2
2019-03-20T04:14:00Z,25.6,38.4,111.0,scs-bgx-501,N2
2019-03-20T04:15:00Z,24.7,37.1,116.7,scs-bgx-501,N2
2019-03-20T04:16:00Z,23.6,35.1,93.6,scs-bgx-501,N2
2019-03-20T04:17:00Z,23.4,34.8,92.8,scs-bgx-501,N2
2019-03-20T04:18:00Z,22.0,32.0,80.7,scs-bgx-501,N2
2019-03-20T04:19:00Z,21.6,32.0,94.8,scs-bgx-501,N2
2019-03-20T04:20:00Z,21.5,32.9,97.3,scs-bgx-501,N2
2019-03-20T04:21:00Z,21.2,31.9,83.9,scs-bgx-501,N2
2019-03-20T04:22:00Z,21.6,32.1,88.7,scs-bgx-501,N2
2019-03-20T04:23:00Z,22.5,33.3,98.3,scs-bgx-501,N2
2019-03-20T04:24:00Z,23.4,34.7,90.4,scs-bgx-501,N2
2019-03-20T04:25:00Z,22.8,34.1,86.3,scs-bgx-501,N2
2019-03-20T04:26:00Z,22.1,33.3,101.4,scs-bgx-501,N2
2019-03-20T04:27:00Z,19.2,29.0,66.8,scs-bgx-501,N2
2019-03-20T04:28:00Z,18.4,28.1,72.0,scs-bgx-501,N2
2019-03-20T04:29:00Z,19.6,30.2,90.8,scs-bgx-501,N2
2019-03-20T04:30:00Z,20.2,30.5,96.3,scs-bgx-501,N2
2019-03-20T04:31:00Z,20.3,30.9,87.9,scs-bgx-501,N2
2019-03-20T04:32:00Z,20.0,30.7,99.3,scs-bgx-501,N2
2019-03-20T04:33:00Z,18.2,27.9,85.0,scs-bgx-501,N2
2019-03-20T04:34:00Z,19.9,30.1,84.2,scs-bgx-501,N2
2019-03-20T04:35:00Z,19.1,29.1,87.1,scs-bgx-501,N2
2019-03-20T04:36:00Z,20.0,30.8,99.4,scs-bgx-501,N2
2019-03-20T04:37:00Z,19.0,29.3,100.1,scs-bgx-501,N2
2019-03-20T04:38:00Z,20.0,31.4,109.6,scs-bgx-501,N2
2019-03-20T04:39:00Z,22.1,36.4,188.0,scs-bgx-501,N2
2019-03-20T04:40:00Z,21.8,35.8,178.7,scs-bgx-501,N2
2019-03-20T04:41:00Z,21.4,33.3,139.2,scs-bgx-501,N2
2019-03-20T04:42:00Z,21.7,32.9,101.3,scs-bgx-501,N2
2019-03-20T04:43:00Z,20.0,30.5,93.9,scs-bgx-501,N2
2019-03-20T04:44:00Z,15.3,23.7,70.9,scs-bgx-501,N2
2019-03-20T04:45:00Z,15.9,25.2,95.1,scs-bgx-501,N2
2019-03-20T04:46:00Z,12.6,20.2,58.8,scs-bgx-501,N2
2019-03-20T04:47:00Z,9.4,15.6,51.2,scs-bgx-501,N2
2019-03-20T04:48:00Z,11.5,19.1,64.7,scs-bgx-501,N2
2019-03-20T04:49:00Z,12.2,20.2,88.7,scs-bgx-501,N2
2019-03-20T04:50:00Z,10.4,16.9,50.8,scs-bgx-501,N2
2019-03-20T04:51:00Z,10.4,17.4,58.8,scs-bgx-501,N2
2019-03-20T04:52:00Z,8.6,14.3,49.2,scs-bgx-501,N2
2019-03-20T04:53:00Z,9.1,15.3,62.9,scs-bgx-501,N2
2019-03-20T04:54:00Z,9.1,14.8,42.0,scs-bgx-501,N2
2019-03-20T04:55:00Z,8.9,15.0,56.1,scs-bgx-501,N2
2019-03-20T04:56:00Z,9.2,15.5,55.6,scs-bgx-501,N2
2019-03-20T04:57:00Z,9.2,16.3,82.8,scs-bgx-501,N2
2019-03-20T04:58:00Z,9.6,16.5,50.0,scs-bgx-501,N2
2019-03-20T04:59:00Z,10.0,16.6,47.7,scs-bgx-501,N2
2019-03-20T05:00:00Z,9.8,16.2,52.0,scs-bgx-501,N2
2019-03-20T05:01:00Z,9.5,15.9,52.3,scs-bgx-501,N2
2019-03-20T05:02:00Z,9.5,16.3,60.1,scs-bgx-501,N2
2019-03-20T05:03:00Z,9.7,16.2,70.4,scs-bgx-501,N2
2019-03-20T05:04:00Z,8.6,14.1,35.8,scs-bgx-501,N2
2019-03-20T05:05:00Z,8.4,14.3,41.1,scs-bgx-501,N2
2019-03-20T05:06:00Z,8.7,14.5,44.9,scs-bgx-501,N2
2019-03-20T05:07:00Z,8.1,14.0,48.5,scs-bgx-501,N2
2019-03-20T05:08:00Z,7.3,12.6,47.8,scs-bgx-501,N2
2019-03-20T05:09:00Z,6.7,11.8,51.5,scs-bgx-501,N2
2019-03-20T05:10:00Z,6.7,12.4,52.9,scs-bgx-501,N2
2019-03-20T05:11:00Z,6.2,11.0,40.6,scs-bgx-501,N2
2019-03-20T05:12:00Z,5.6,10.4,34.0,scs-bgx-501,N2
2019-03-20T05:13:00Z,5.7,10.3,34.2,scs-bgx-501,N2
2019-03-20T05:14:00Z,4.9,9.0,35.2,scs-bgx-501,N2
2019-03-20T05:15:00Z,4.4,8.6,39.7,scs-bgx-501,N2
2019-03-20T05:16:00Z,4.4,8.8,27.8,scs-bgx-501,N2
2019-03-20T05:17:00Z,4.0,8.1,34.8,scs-bgx-501,N2
2019-03-20T05:18:00Z,4.0,7.8,30.4,scs-bgx-501,N2
2019-03-20T05:19:00Z,4.0,7.9,28.3,scs-bgx-501,N2
2019-03-20T05:20:00Z,4.0,8.2,32.1,scs-bgx-501,N2
2019-03-20T05:21:00Z,4.0,8.0,28.2,scs-bgx-501,N2
2019-03-20T05:22:00Z,4.2,8.3,38.5,scs-bgx-501,N2
2019-03-20T05:23:00Z,4.5,8.9,36.5,scs-bgx-501,N2
2019-03-20T05:24:00Z,4.1,8.2,26.8,scs-bgx-501,N2
2019-03-20T05:25:00Z,3.8,7.7,24.7,scs-bgx-501,N2
2019-03-20T05:26:00Z,4.3,9.1,48.6,scs-bgx-501,N2
2019-03-20T05:27:00Z,3.8,7.9,37.5,scs-bgx-501,N2
2019-03-20T05:28:00Z,3.6,7.3,30.3,scs-bgx-501,N2
2019-03-20T05:29:00Z,3.6,7.3,20.7,scs-bgx-501,N2
2019-03-20T05:30:00Z,3.6,7.3,25.4,scs-bgx-501,N2
2019-03-20T05:31:00Z,4.0,8.1,28.9,scs-bgx-501,N2
2019-03-20T05:32:00Z,3.9,7.9,32.2,scs-bgx-501,N2
2019-03-20T05:33:00Z,4.0,8.3,31.0,scs-bgx-501,N2
2019-03-20T05:34:00Z,4.0,8.1,30.9,scs-bgx-501,N2
2019-03-20T05:35:00Z,3.8,7.6,20.6,scs-bgx-501,N2
2019-03-20T05:36:00Z,3.9,8.1,39.9,scs-bgx-501,N2
2019-03-20T05:37:00Z,3.6,7.8,44.9,scs-bgx-501,N2
2019-03-20T05:38:00Z,3.6,7.6,33.0,scs-bgx-501,N2
2019-03-20T05:39:00Z,4.1,8.2,40.2,scs-bgx-501,N2
2019-03-20T05:40:00Z,4.3,8.5,31.8,scs-bgx-501,N2
2019-03-20T05:41:00Z,5.3,9.6,35.4,scs-bgx-501,N2
2019-03-20T05:42:00Z,4.8,9.2,31.6,scs-bgx-501,N2
2019-03-20T05:43:00Z,4.5,8.8,23.6,scs-bgx-501,N2
2019-03-20T05:44:00Z,4.7,9.4,40.7,scs-bgx-501,N2
2019-03-20T05:45:00Z,5.2,9.9,40.2,scs-bgx-501,N2
2019-03-20T05:46:00Z,4.6,8.9,29.9,scs-bgx-501,N2
2019-03-20T05:47:00Z,4.4,8.6,28.4,scs-bgx-501,N2
2019-03-20T05:48:00Z,4.0,8.0,33.2,scs-bgx-501,N2
2019-03-20T05:49:00Z,3.7,7.6,23.9,scs-bgx-501,N2
2019-03-20T05:50:00Z,3.7,7.3,19.6,scs-bgx-501,N2
2019-03-20T05:51:00Z,4.3,8.3,26.8,scs-bgx-501,N2
2019-03-20T05:52:00Z,4.6,8.9,27.8,scs-bgx-501,N2
2019-03-20T05:53:00Z,5.0,9.2,35.8,scs-bgx-501,N2
2019-03-20T05:54:00Z,4.2,8.1,27.1,scs-bgx-501,N2
2019-03-20T05:55:00Z,4.4,8.3,19.3,scs-bgx-501,N2
2019-03-20T05:56:00Z,4.2,8.1,29.6,scs-bgx-501,N2
2019-03-20T05:57:00Z,4.2,8.1,26.0,scs-bgx-501,N2
2019-03-20T05:58:00Z,4.0,7.7,22.7,scs-bgx-501,N2
2019-03-20T05:59:00Z,4.4,8.3,28.2,scs-bgx-501,N2
2019-03-20T06:00:00Z,4.6,8.9,31.9,scs-bgx-501,N2
2019-03-20T06:01:00Z,4.4,8.4,28.3,scs-bgx-501,N2
2019-03-20T06:02:00Z,4.7,8.8,28.7,scs-bgx-501,N2
2019-03-20T06:03:00Z,4.7,8.9,31.4,scs-bgx-501,N2
2019-03-20T06:04:00Z,4.4,8.6,26.7,scs-bgx-501,N2
2019-03-20T06:05:00Z,3.9,7.7,29.3,scs-bgx-501,N2
2019-03-20T06:06:00Z,4.4,8.4,30.4,scs-bgx-501,N2
2019-03-20T06:07:00Z,3.9,7.6,22.7,scs-bgx-501,N2
2019-03-20T06:08:00Z,4.2,8.2,27.1,scs-bgx-501,N2
2019-03-20T06:09:00Z,4.2,8.2,35.1,scs-bgx-501,N2
2019-03-20T06:10:00Z,4.5,8.8,38.2,scs-bgx-501,N2
2019-03-20T06:11:00Z,4.5,8.2,25.2,scs-bgx-501,N2
2019-03-20T06:12:00Z,4.6,8.8,27.2,scs-bgx-501,N2
2019-03-20T06:13:00Z,4.2,7.9,25.8,scs-bgx-501,N2
2019-03-20T06:14:00Z,4.0,7.6,21.4,scs-bgx-501,N2
2019-03-20T06:15:00Z,3.9,7.9,22.3,scs-bgx-501,N2
2019-03-20T06:16:00Z,3.8,7.4,23.2,scs-bgx-501,N2
2019-03-20T06:17:00Z,3.7,7.5,18.6,scs-bgx-501,N2
2019-03-20T06:18:00Z,3.5,7.1,27.2,scs-bgx-501,N2
2019-03-20T06:19:00Z,3.3,7.0,28.0,scs-bgx-501,N2
2019-03-20T06:20:00Z,3.5,7.2,27.5,scs-bgx-501,N2
2019-03-20T06:21:00Z,3.7,7.5,25.7,scs-bgx-501,N2
2019-03-20T06:22:00Z,4.5,8.4,28.8,scs-bgx-501,N2
2019-03-20T06:23:00Z,4.8,9.0,36.0,scs-bgx-501,N2
2019-03-20T06:24:00Z,4.3,8.1,24.3,scs-bgx-501,N2
2019-03-20T06:25:00Z,3.2,6.6,24.4,scs-bgx-501,N2
2019-03-20T06:26:00Z,3.2,6.6,23.8,scs-bgx-501,N2
2019-03-20T06:27:00Z,3.1,6.4,17.8,scs-bgx-501,N2
2019-03-20T06:28:00Z,3.1,6.8,26.5,scs-bgx-501,N2
2019-03-20T06:29:00Z,4.0,7.7,25.6,scs-bgx-501,N2
2019-03-20T06:30:00Z,4.9,8.8,26.5,scs-bgx-501,N2
2019-03-20T06:31:00Z,3.8,7.7,27.9,scs-bgx-501,N2
2019-03-20T06:32:00Z,3.3,7.1,25.4,scs-bgx-501,N2
2019-03-20T06:33:00Z,3.4,6.8,24.0,scs-bgx-501,N2
2019-03-20T06:34:00Z,4.1,7.7,26.9,scs-bgx-501,N2
2019-03-20T06:35:00Z,3.0,6.0,21.4,scs-bgx-501,N2
2019-03-20T06:36:00Z,2.6,5.5,16.3,scs-bgx-501,N2
2019-03-20T06:37:00Z,3.1,6.6,27.2,scs-bgx-501,N2
2019-03-20T06:38:00Z,3.1,7.2,35.5,scs-bgx-501,N2
2019-03-20T06:39:00Z,3.2,6.6,22.1,scs-bgx-501,N2
2019-03-20T06:40:00Z,3.3,6.9,30.7,scs-bgx-501,N2
2019-03-20T06:41:00Z,3.5,7.4,40.0,scs-bgx-501,N2
2019-03-20T06:42:00Z,3.1,6.6,35.8,scs-bgx-501,N2
2019-03-20T06:43:00Z,4.4,7.6,18.3,scs-bgx-501,N2
2019-03-20T06:44:00Z,3.5,6.7,19.6,scs-bgx-501,N2
2019-03-20T06:45:00Z,3.4,6.5,18.8,scs-bgx-501,N2
2019-03-20T06:46:00Z,3.5,7.3,28.0,scs-bgx-501,N2
2019-03-20T06:47:00Z,3.0,6.1,17.2,scs-bgx-501,N2
2019-03-20T06:48:00Z,3.3,7.3,34.1,scs-bgx-501,N2
2019-03-20T06:49:00Z,2.9,6.2,19.0,scs-bgx-501,N2
2019-03-20T06:50:00Z,2.7,5.9,17.3,scs-bgx-501,N2
2019-03-20T06:51:00Z,2.8,6.3,25.5,scs-bgx-501,N2
2019-03-20T06:52:00Z,3.0,6.6,21.0,scs-bgx-501,N2
2019-03-20T06:53:00Z,3.1,7.0,26.4,scs-bgx-501,N2
2019-03-20T06:54:00Z,3.1,6.6,22.6,scs-bgx-501,N2
2019-03-20T06:55:00Z,3.1,6.4,25.7,scs-bgx-501,N2
2019-03-20T06:56:00Z,3.2,6.7,29.3,scs-bgx-501,N2
2019-03-20T06:57:00Z,3.1,6.6,21.1,scs-bgx-501,N2
2019-03-20T06:58:00Z,3.2,7.1,33.2,scs-bgx-501,N2
2019-03-20T06:59:00Z,2.8,6.0,21.1,scs-bgx-501,N2
2019-03-20T07:00:00Z,2.6,5.8,20.6,scs-bgx-501,N2
2019-03-20T07:01:00Z,2.2,5.0,20.0,scs-bgx-501,N2
2019-03-20T07:02:00Z,2.8,5.5,16.5,scs-bgx-501,N2
2019-03-20T07:03:00Z,3.1,6.2,22.3,scs-bgx-501,N2
2019-03-20T07:04:00Z,3.0,6.2,23.6,scs-bgx-501,N2
2019-03-20T07:05:00Z,2.9,5.9,19.4,scs-bgx-501,N2
2019-03-20T07:06:00Z,2.8,5.5,22.6,scs-bgx-501,N2
2019-03-20T07:07:00Z,2.8,6.0,22.8,scs-bgx-501,N2
2019-03-20T07:08:00Z,3.2,6.8,26.3,scs-bgx-501,N2
2019-03-20T07:09:00Z,3.4,7.0,27.7,scs-bgx-501,N2
2019-03-20T07:10:00Z,3.2,6.4,20.2,scs-bgx-501,N2
2019-03-20T07:11:00Z,3.3,6.7,23.4,scs-bgx-501,N2
2019-03-20T07:12:00Z,3.0,6.2,20.2,scs-bgx-501,N2
2019-03-20T07:13:00Z,2.7,5.8,29.3,scs-bgx-501,N2
2019-03-20T07:14:00Z,2.6,5.3,14.6,scs-bgx-501,N2
2019-03-20T07:15:00Z,2.7,5.7,15.4,scs-bgx-501,N2
2019-03-20T07:16:00Z,2.8,5.6,16.2,scs-bgx-501,N2
2019-03-20T07:17:00Z,3.1,6.0,17.7,scs-bgx-501,N2
2019-03-20T07:18:00Z,3.1,6.2,16.8,scs-bgx-501,N2
2019-03-20T07:19:00Z,3.0,6.2,18.5,scs-bgx-501,N2
2019-03-20T07:20:00Z,2.5,5.6,19.3,scs-bgx-501,N2
2019-03-20T07:21:00Z,2.7,5.6,17.1,scs-bgx-501,N2
2019-03-20T07:22:00Z,3.2,6.7,27.6,scs-bgx-501,N2
2019-03-20T07:23:00Z,3.1,6.4,20.0,scs-bgx-501,N2
2019-03-20T07:24:00Z,2.3,5.2,20.1,scs-bgx-501,N2
2019-03-20T07:25:00Z,2.7,5.8,26.9,scs-bgx-501,N2
2019-03-20T07:26:00Z,3.0,6.4,19.2,scs-bgx-501,N2
2019-03-20T07:27:00Z,2.7,5.7,19.0,scs-bgx-501,N2
2019-03-20T07:28:00Z,2.8,5.5,12.8,scs-bgx-501,N2
2019-03-20T07:29:00Z,2.8,5.7,18.2,scs-bgx-501,N2
2019-03-20T07:30:00Z,2.5,5.3,12.8,scs-bgx-501,N2
2019-03-20T07:31:00Z,2.9,5.8,13.8,scs-bgx-501,N2
2019-03-20T07:32:00Z,2.6,5.6,18.2,scs-bgx-501,N2
2019-03-20T07:33:00Z,2.9,5.9,23.5,scs-bgx-501,N2
2019-03-20T07:34:00Z,2.6,5.5,20.7,scs-bgx-501,N2
2019-03-20T07:35:00Z,2.4,5.4,20.5,scs-bgx-501,N2
2019-03-20T07:36:00Z,2.4,5.2,19.5,scs-bgx-501,N2
2019-03-20T07:37:00Z,2.3,4.7,18.9,scs-bgx-501,N2
2019-03-20T07:38:00Z,2.5,5.3,20.5,scs-bgx-501,N2
2019-03-20T07:39:00Z,4.7,8.0,23.1,scs-bgx-501,N2
2019-03-20T07:40:00Z,4.8,8.2,26.2,scs-bgx-501,N2
2019-03-20T07:41:00Z,3.4,6.2,18.4,scs-bgx-501,N2
2019-03-20T07:42:00Z,3.1,6.1,18.9,scs-bgx-501,N2
2019-03-20T07:43:00Z,3.4,6.2,17.8,scs-bgx-501,N2
2019-03-20T07:44:00Z,2.9,5.8,18.2,scs-bgx-501,N2
2019-03-20T07:45:00Z,2.7,5.4,23.1,scs-bgx-501,N2
2019-03-20T07:46:00Z,2.8,5.8,26.9,scs-bgx-501,N2
2019-03-20T07:47:00Z,2.5,5.5,22.7,scs-bgx-501,N2
2019-03-20T07:48:00Z,2.5,5.2,15.5,scs-bgx-501,N2
2019-03-20T07:49:00Z,2.6,5.5,20.2,scs-bgx-501,N2
2019-03-20T07:50:00Z,2.6,5.4,15.0,scs-bgx-501,N2
2019-03-20T07:51:00Z,2.6,5.5,21.2,scs-bgx-501,N2
2019-03-20T07:52:00Z,2.7,5.4,16.8,scs-bgx-501,N2
2019-03-20T07:53:00Z,2.6,5.8,17.7,scs-bgx-501,N2
2019-03-20T07:54:00Z,2.8,6.5,31.6,scs-bgx-501,N2
2019-03-20T07:55:00Z,2.7,5.8,18.8,scs-bgx-501,N2
2019-03-20T07:56:00Z,2.9,6.2,24.0,scs-bgx-501,N2
2019-03-20T07:57:00Z,3.2,6.3,22.5,scs-bgx-501,N2
2019-03-20T07:58:00Z,3.1,6.3,18.7,scs-bgx-501,N2
2019-03-20T07:59:00Z,2.6,5.4,16.8,scs-bgx-501,N2
2019-03-20T08:00:00Z,2.8,5.5,13.0,scs-bgx-501,N2
2019-03-20T08:01:00Z,2.6,5.6,19.7,scs-bgx-501,N2
2019-03-20T08:02:00Z,2.8,6.2,25.2,scs-bgx-501,N2
2019-03-20T08:03:00Z,3.3,6.7,19.9,scs-bgx-501,N2
2019-03-20T08:04:00Z,2.6,5.6,17.2,scs-bgx-501,N2
2019-03-20T08:05:00Z,2.4,5.3,24.8,scs-bgx-501,N2
2019-03-20T08:06:00Z,2.7,5.6,20.8,scs-bgx-501,N2
2019-03-20T08:07:00Z,2.5,5.3,16.5,scs-bgx-501,N2
2019-03-20T08:08:00Z,2.5,5.2,18.2,scs-bgx-501,N2
2019-03-20T08:09:00Z,2.3,5.1,17.6,scs-bgx-501,N2
2019-03-20T08:10:00Z,2.6,5.3,18.5,scs-bgx-501,N2
2019-03-20T08:11:00Z,2.5,5.3,15.7,scs-bgx-501,N2
2019-03-20T08:12:00Z,2.4,5.0,14.1,scs-bgx-501,N2
2019-03-20T08:13:00Z,2.7,5.7,29.9,scs-bgx-501,N2
2019-03-20T08:14:00Z,2.5,5.3,31.4,scs-bgx-501,N2
2019-03-20T08:15:00Z,2.3,5.0,29.7,scs-bgx-501,N2
2019-03-20T08:16:00Z,2.3,5.1,21.0,scs-bgx-501,N2
2019-03-20T08:17:00Z,2.3,5.0,24.4,scs-bgx-501,N2
2019-03-20T08:18:00Z,2.5,5.4,28.1,scs-bgx-501,N2
2019-03-20T08:19:00Z,2.7,5.6,21.2,scs-bgx-501,N2
2019-03-20T08:20:00Z,2.8,5.6,21.4,scs-bgx-501,N2
2019-03-20T08:21:00Z,2.7,5.5,19.0,scs-bgx-501,N2
2019-03-20T08:22:00Z,2.8,5.7,17.8,scs-bgx-501,N2
2019-03-20T08:23:00Z,2.5,5.4,24.4,scs-bgx-501,N2
2019-03-20T08:24:00Z,2.3,4.9,22.1,scs-bgx-501,N2
2019-03-20T08:25:00Z,2.2,4.9,14.3,scs-bgx-501,N2
2019-03-20T08:26:00Z,2.2,4.7,17.9,scs-bgx-501,N2
2019-03-20T08:27:00Z,2.3,4.9,15.9,scs-bgx-501,N2
2019-03-20T08:28:00Z,2.4,5.1,24.5,scs-bgx-501,N2
2019-03-20T08:29:00Z,2.3,4.8,12.6,scs-bgx-501,N2
2019-03-20T08:30:00Z,2.5,4.9,15.6,scs-bgx-501,N2
2019-03-20T08:31:00Z,2.4,4.8,21.6,scs-bgx-501,N2
2019-03-20T08:32:00Z,2.7,5.6,17.7,scs-bgx-501,N2
2019-03-20T08:33:00Z,2.6,5.3,21.0,scs-bgx-501,N2
2019-03-20T08:34:00Z,2.4,5.1,18.7,scs-bgx-501,N2
2019-03-20T08:35:00Z,2.4,4.9,18.9,scs-bgx-501,N2
2019-03-20T08:36:00Z,2.5,5.1,14.9,scs-bgx-501,N2
2019-03-20T08:37:00Z,2.5,5.1,18.1,scs-bgx-501,N2
2019-03-20T08:38:00Z,2.2,4.6,14.7,scs-bgx-501,N2
2019-03-20T08:39:00Z,2.2,4.8,15.8,scs-bgx-501,N2
2019-03-20T08:40:00Z,2.3,4.9,17.2,scs-bgx-501,N2
2019-03-20T08:41:00Z,2.5,5.1,17.9,scs-bgx-501,N2
2019-03-20T08:42:00Z,2.5,5.0,23.2,scs-bgx-501,N2
2019-03-20T08:43:00Z,2.8,5.6,15.6,scs-bgx-501,N2
2019-03-20T08:44:00Z,2.7,5.7,15.8,scs-bgx-501,N2
2019-03-20T08:45:00Z,2.6,5.4,23.0,scs-bgx-501,N2
2019-03-20T08:46:00Z,2.6,5.7,22.4,scs-bgx-501,N2
2019-03-20T08:47:00Z,2.5,5.2,24.0,scs-bgx-501,N2
2019-03-20T08:48:00Z,2.6,5.3,19.7,scs-bgx-501,N2
2019-03-20T08:49:00Z,2.5,5.1,15.4,scs-bgx-501,N2
2019-03-20T08:50:00Z,2.3,4.9,19.6,scs-bgx-501,N2
2019-03-20T08:51:00Z,2.3,5.0,19.9,scs-bgx-501,N2
2019-03-20T08:52:00Z,2.2,4.7,19.7,scs-bgx-501,N2
2019-03-20T08:53:00Z,2.3,4.9,20.5,scs-bgx-501,N2
2019-03-20T08:54:00Z,2.3,4.7,13.3,scs-bgx-501,N2
2019-03-20T08:55:00Z,2.1,4.5,14.4,scs-bgx-501,N2
2019-03-20T08:56:00Z,2.6,5.5,19.8,scs-bgx-501,N2
2019-03-20T08:57:00Z,2.8,5.7,19.9,scs-bgx-501,N2
2019-03-20T08:58:00Z,2.5,5.1,21.6,scs-bgx-501,N2
2019-03-20T08:59:00Z,3.2,7.3,38.3,scs-bgx-501,N2
2019-03-20T09:00:00Z,3.4,8.7,51.3,scs-bgx-501,N2
2019-03-20T09:01:00Z,2.5,5.4,24.4,scs-bgx-501,N2
2019-03-20T09:02:00Z,3.0,6.2,30.5,scs-bgx-501,N2
2019-03-20T09:03:00Z,2.9,5.8,23.6,scs-bgx-501,N2
2019-03-20T09:04:00Z,2.8,5.8,20.7,scs-bgx-501,N2
2019-03-20T09:05:00Z,2.6,5.4,23.2,scs-bgx-501,N2
2019-03-20T09:06:00Z,2.4,5.0,20.8,scs-bgx-501,N2
2019-03-20T09:07:00Z,2.5,5.3,17.0,scs-bgx-501,N2
2019-03-20T09:08:00Z,2.6,5.3,24.6,scs-bgx-501,N2
2019-03-20T09:09:00Z,2.5,5.4,28.4,scs-bgx-501,N2
2019-03-20T09:10:00Z,2.6,5.1,18.4,scs-bgx-501,N2
2019-03-20T09:11:00Z,2.6,5.1,19.4,scs-bgx-501,N2
2019-03-20T09:12:00Z,2.5,5.3,21.3,scs-bgx-501,N2
2019-03-20T09:13:00Z,2.7,5.5,28.7,scs-bgx-501,N2
2019-03-20T09:14:00Z,2.5,5.2,16.5,scs-bgx-501,N2
2019-03-20T09:15:00Z,3.4,7.9,34.6,scs-bgx-501,N2
2019-03-20T09:16:00Z,2.4,5.2,15.4,scs-bgx-501,N2
2019-03-20T09:17:00Z,2.6,5.6,20.4,scs-bgx-501,N2
2019-03-20T09:18:00Z,2.3,5.0,16.7,scs-bgx-501,N2
2019-03-20T09:19:00Z,2.5,5.4,25.7,scs-bgx-501,N2
2019-03-20T09:20:00Z,2.5,5.2,19.3,scs-bgx-501,N2
2019-03-20T09:21:00Z,2.3,4.9,16.9,scs-bgx-501,N2
2019-03-20T09:22:00Z,2.7,5.5,18.5,scs-bgx-501,N2
2019-03-20T09:23:00Z,2.4,5.1,20.6,scs-bgx-501,N2
2019-03-20T09:24:00Z,2.6,5.4,21.6,scs-bgx-501,N2
2019-03-20T09:25:00Z,2.6,5.5,22.6,scs-bgx-501,N2
2019-03-20T09:26:00Z,2.5,5.2,19.6,scs-bgx-501,N2
2019-03-20T09:27:00Z,2.4,5.1,22.7,scs-bgx-501,N2
2019-03-20T09:28:00Z,2.5,5.4,22.1,scs-bgx-501,N2
2019-03-20T09:29:00Z,2.6,5.2,19.8,scs-bgx-501,N2
2019-03-20T09:30:00Z,2.6,5.3,18.2,scs-bgx-501,N2
2019-03-20T09:31:00Z,2.6,5.4,15.3,scs-bgx-501,N2
2019-03-20T09:32:00Z,2.5,5.2,18.9,scs-bgx-501,N2
2019-03-20T09:33:00Z,2.4,4.9,14.0,scs-bgx-501,N2
2019-03-20T09:34:00Z,2.3,4.8,18.0,scs-bgx-501,N2
2019-03-20T09:35:00Z,2.4,5.0,20.9,scs-bgx-501,N2
2019-03-20T09:36:00Z,2.4,5.1,20.1,scs-bgx-501,N2
2019-03-20T09:37:00Z,2.2,4.6,12.2,scs-bgx-501,N2
2019-03-20T09:38:00Z,2.4,5.2,18.4,scs-bgx-501,N2
2019-03-20T09:39:00Z,2.4,5.0,16.5,scs-bgx-501,N2
2019-03-20T09:40:00Z,2.1,4.4,14.7,scs-bgx-501,N2
2019-03-20T09:41:00Z,2.2,4.7,25.6,scs-bgx-501,N2
2019-03-20T09:42:00Z,2.3,4.6,21.0,scs-bgx-501,N2
2019-03-20T09:43:00Z,2.4,4.9,16.6,scs-bgx-501,N2
2019-03-20T09:44:00Z,2.6,5.4,23.7,scs-bgx-501,N2
2019-03-20T09:45:00Z,2.5,5.3,34.4,scs-bgx-501,N2
2019-03-20T09:46:00Z,2.4,4.7,17.8,scs-bgx-501,N2
2019-03-20T09:47:00Z,2.6,5.2,19.9,scs-bgx-501,N2
2019-03-20T09:48:00Z,2.7,5.4,19.4,scs-bgx-501,N2
2019-03-20T09:49:00Z,2.6,5.2,17.9,scs-bgx-501,N2
2019-03-20T09:50:00Z,2.5,4.9,15.3,scs-bgx-501,N2
2019-03-20T09:51:00Z,2.6,5.2,15.9,scs-bgx-501,N2
2019-03-20T09:52:00Z,2.5,5.1,17.6,scs-bgx-501,N2
2019-03-20T09:53:00Z,2.6,5.5,24.3,scs-bgx-501,N2
2019-03-20T09:54:00Z,2.5,5.5,25.4,scs-bgx-501,N2
2019-03-20T09:55:00Z,2.6,5.3,29.4,scs-bgx-501,N2
2019-03-20T09:56:00Z,2.6,5.3,18.8,scs-bgx-501,N2
2019-03-20T09:57:00Z,2.7,5.7,19.9,scs-bgx-501,N2
2019-03-20T09:58:00Z,2.5,5.2,17.0,scs-bgx-501,N2
2019-03-20T09:59:00Z,2.5,5.4,19.2,scs-bgx-501,N2
2019-03-20T10:00:00Z,2.4,4.9,18.5,scs-bgx-501,N2
2019-03-20T10:01:00Z,2.3,4.7,13.0,scs-bgx-501,N2
2019-03-20T10:02:00Z,2.4,4.7,13.2,scs-bgx-501,N2
2019-03-20T10:03:00Z,2.5,5.0,12.8,scs-bgx-501,N2
2019-03-20T10:04:00Z,2.4,5.0,19.4,scs-bgx-501,N2
2019-03-20T10:05:00Z,2.5,5.0,17.5,scs-bgx-501,N2
2019-03-20T10:06:00Z,2.9,5.7,17.1,scs-bgx-501,N2
2019-03-20T10:07:00Z,2.8,5.7,19.0,scs-bgx-501,N2
2019-03-20T10:08:00Z,2.9,5.9,25.6,scs-bgx-501,N2
2019-03-20T10:09:00Z,2.4,5.0,22.4,scs-bgx-501,N2
2019-03-20T10:10:00Z,2.4,5.0,22.4,scs-bgx-501,N2
2019-03-20T10:11:00Z,2.5,5.0,21.0,scs-bgx-501,N2
2019-03-20T10:12:00Z,2.7,5.5,23.6,scs-bgx-501,N2
2019-03-20T10:13:00Z,2.8,5.7,17.8,scs-bgx-501,N2
2019-03-20T10:14:00Z,2.7,5.4,15.8,scs-bgx-501,N2
2019-03-20T10:15:00Z,2.6,5.1,20.7,scs-bgx-501,N2
2019-03-20T10:16:00Z,2.5,5.1,16.3,scs-bgx-501,N2
2019-03-20T10:17:00Z,2.5,5.0,23.4,scs-bgx-501,N2
2019-03-20T10:18:00Z,2.4,4.7,19.5,scs-bgx-501,N2
2019-03-20T10:19:00Z,3.0,6.2,31.3,scs-bgx-501,N2
2019-03-20T10:20:00Z,2.7,5.3,20.6,scs-bgx-501,N2
2019-03-20T10:21:00Z,2.6,5.3,25.6,scs-bgx-501,N2
2019-03-20T10:22:00Z,2.6,5.5,20.6,scs-bgx-501,N2
2019-03-20T10:23:00Z,2.4,4.9,17.6,scs-bgx-501,N2
2019-03-20T10:24:00Z,2.5,4.9,16.4,scs-bgx-501,N2
2019-03-20T10:25:00Z,2.5,5.2,26.2,scs-bgx-501,N2
2019-03-20T10:26:00Z,2.5,4.9,19.7,scs-bgx-501,N2
2019-03-20T10:27:00Z,2.5,5.4,18.8,scs-bgx-501,N2
2019-03-20T10:28:00Z,2.8,5.6,26.0,scs-bgx-501,N2
2019-03-20T10:29:00Z,2.7,5.4,15.7,scs-bgx-501,N2
2019-03-20T10:30:00Z,2.7,5.4,17.3,scs-bgx-501,N2
2019-03-20T10:31:00Z,2.6,5.2,17.5,scs-bgx-501,N2
2019-03-20T10:32:00Z,2.6,5.1,12.4,scs-bgx-501,N2
2019-03-20T10:33:00Z,2.2,4.4,13.6,scs-bgx-501,N2
2019-03-20T10:34:00Z,2.5,4.9,14.0,scs-bgx-501,N2
2019-03-20T10:35:00Z,2.4,4.9,17.6,scs-bgx-501,N2
2019-03-20T10:36:00Z,2.3,4.6,18.0,scs-bgx-501,N2
2019-03-20T10:37:00Z,2.2,4.3,10.8,scs-bgx-501,N2
2019-03-20T10:38:00Z,2.3,4.6,14.6,scs-bgx-501,N2
2019-03-20T10:39:00Z,2.1,4.4,12.8,scs-bgx-501,N2
2019-03-20T10:40:00Z,2.1,4.5,18.6,scs-bgx-501,N2
2019-03-20T10:41:00Z,2.3,4.7,18.6,scs-bgx-501,N2
2019-03-20T10:42:00Z,2.7,5.3,18.1,scs-bgx-501,N2
2019-03-20T10:43:00Z,2.2,4.8,26.9,scs-bgx-501,N2
2019-03-20T10:44:00Z,2.3,4.5,18.1,scs-bgx-501,N2
2019-03-20T10:45:00Z,2.2,4.8,30.0,scs-bgx-501,N2
2019-03-20T10:46:00Z,2.5,5.0,20.0,scs-bgx-501,N2
2019-03-20T10:47:00Z,2.4,5.1,26.2,scs-bgx-501,N2
2019-03-20T10:48:00Z,2.8,5.8,23.6,scs-bgx-501,N2
2019-03-20T10:49:00Z,2.4,5.1,21.5,scs-bgx-501,N2
2019-03-20T10:50:00Z,2.7,5.6,17.5,scs-bgx-501,N2
2019-03-20T10:51:00Z,2.9,5.6,20.9,scs-bgx-501,N2
2019-03-20T10:52:00Z,2.4,5.1,17.6,scs-bgx-501,N2
2019-03-20T10:53:00Z,2.4,5.2,22.6,scs-bgx-501,N2
2019-03-20T10:54:00Z,2.4,4.8,11.7,scs-bgx-501,N2
2019-03-20T10:55:00Z,2.4,4.9,20.0,scs-bgx-501,N2
2019-03-20T10:56:00Z,2.4,4.8,17.9,scs-bgx-501,N2
2019-03-20T10:57:00Z,2.1,4.5,24.0,scs-bgx-501,N2
2019-03-20T10:58:00Z,2.3,4.9,14.7,scs-bgx-501,N2
2019-03-20T10:59:00Z,2.3,4.6,13.7,scs-bgx-501,N2
2019-03-20T11:00:00Z,2.5,5.0,15.6,scs-bgx-501,N2
2019-03-20T11:01:00Z,2.5,5.2,17.2,scs-bgx-501,N2
2019-03-20T11:02:00Z,5.1,13.9,90.0,scs-bgx-501,N2
2019-03-20T11:03:00Z,3.4,8.6,50.0,scs-bgx-501,N2
2019-03-20T11:04:00Z,3.0,6.5,31.7,scs-bgx-501,N2
2019-03-20T11:05:00Z,2.7,5.7,25.7,scs-bgx-501,N2
2019-03-20T11:06:00Z,2.5,5.1,29.8,scs-bgx-501,N2
2019-03-20T11:07:00Z,2.6,5.5,27.7,scs-bgx-501,N2
2019-03-20T11:08:00Z,2.6,5.4,18.3,scs-bgx-501,N2
2019-03-20T11:09:00Z,2.9,6.1,20.7,scs-bgx-501,N2
2019-03-20T11:10:00Z,2.7,5.9,24.2,scs-bgx-501,N2
2019-03-20T11:11:00Z,2.4,5.2,18.8,scs-bgx-501,N2
2019-03-20T11:12:00Z,2.2,4.6,19.6,scs-bgx-501,N2
2019-03-20T11:13:00Z,2.2,4.4,17.9,scs-bgx-501,N2
2019-03-20T11:14:00Z,2.4,5.2,22.6,scs-bgx-501,N2
2019-03-20T11:15:00Z,2.4,4.7,18.7,scs-bgx-501,N2
2019-03-20T11:16:00Z,2.4,4.7,23.7,scs-bgx-501,N2
2019-03-20T11:17:00Z,2.5,4.9,17.2,scs-bgx-501,N2
2019-03-20T11:18:00Z,2.2,4.5,24.7,scs-bgx-501,N2
2019-03-20T11:19:00Z,2.2,4.4,21.0,scs-bgx-501,N2
2019-03-20T11:20:00Z,1.9,3.5,9.2,scs-bgx-501,N2
2019-03-20T11:21:00Z,1.6,3.1,6.9,scs-bgx-501,N2
2019-03-20T11:22:00Z,1.7,3.3,14.3,scs-bgx-501,N2
2019-03-20T11:23:00Z,1.8,3.6,17.2,scs-bgx-501,N2
2019-03-20T11:24:00Z,1.8,3.6,13.2,scs-bgx-501,N2
2019-03-20T11:25:00Z,1.9,3.8,17.2,scs-bgx-501,N2
2019-03-20T11:26:00Z,1.8,3.6,11.1,scs-bgx-501,N2
2019-03-20T11:27:00Z,2.0,3.9,12.6,scs-bgx-501,N2
2019-03-20T11:28:00Z,1.8,3.5,8.1,scs-bgx-501,N2
2019-03-20T11:29:00Z,1.9,3.7,12.4,scs-bgx-501,N2
2019-03-20T11:30:00Z,1.9,3.9,13.9,scs-bgx-501,N2
2019-03-20T11:31:00Z,2.0,4.0,24.4,scs-bgx-501,N2
2019-03-20T11:32:00Z,2.0,4.2,33.4,scs-bgx-501,N2
2019-03-20T11:33:00Z,2.0,4.3,20.1,scs-bgx-501,N2
2019-03-20T11:34:00Z,2.1,4.3,19.5,scs-bgx-501,N2
2019-03-20T11:35:00Z,2.0,4.1,21.6,scs-bgx-501,N2
2019-03-20T11:36:00Z,2.5,5.1,21.5,scs-bgx-501,N2
2019-03-20T11:37:00Z,2.8,6.0,26.7,scs-bgx-501,N2
2019-03-20T11:38:00Z,2.2,4.6,14.7,scs-bgx-501,N2
2019-03-20T11:39:00Z,2.4,5.1,22.8,scs-bgx-501,N2
2019-03-20T11:40:00Z,2.6,5.4,18.9,scs-bgx-501,N2
2019-03-20T11:41:00Z,2.5,5.2,27.8,scs-bgx-501,N2
2019-03-20T11:42:00Z,2.5,5.3,24.4,scs-bgx-501,N2
2019-03-20T11:43:00Z,2.5,5.2,22.8,scs-bgx-501,N2
2019-03-20T11:44:00Z,2.2,4.3,17.0,scs-bgx-501,N2
2019-03-20T11:45:00Z,2.0,4.0,12.5,scs-bgx-501,N2
2019-03-20T11:46:00Z,2.2,4.4,17.7,scs-bgx-501,N2
2019-03-20T11:47:00Z,2.2,4.5,17.3,scs-bgx-501,N2
2019-03-20T11:48:00Z,2.2,4.3,17.8,scs-bgx-501,N2
2019-03-20T11:49:00Z,2.4,4.8,18.2,scs-bgx-501,N2
2019-03-20T11:50:00Z,2.3,4.7,20.6,scs-bgx-501,N2
2019-03-20T11:51:00Z,2.2,4.3,20.7,scs-bgx-501,N2
2019-03-20T11:52:00Z,2.2,4.6,17.3,scs-bgx-501,N2
2019-03-20T11:53:00Z,2.0,4.1,12.8,scs-bgx-501,N2
2019-03-20T11:54:00Z,2.2,4.7,16.7,scs-bgx-501,N2
2019-03-20T11:55:00Z,2.8,6.9,42.8,scs-bgx-501,N2
2019-03-20T11:56:00Z,2.5,5.4,32.3,scs-bgx-501,N2
2019-03-20T11:57:00Z,2.3,4.9,24.0,scs-bgx-501,N2
2019-03-20T11:58:00Z,1.9,3.8,12.8,scs-bgx-501,N2
2019-03-20T11:59:00Z,2.0,3.8,13.2,scs-bgx-501,N2
2019-03-20T12:00:00Z,2.2,4.1,13.9,scs-bgx-501,N2
2019-03-20T12:01:00Z,1.9,3.5,9.9,scs-bgx-501,N2
2019-03-20T12:02:00Z,2.1,4.1,18.9,scs-bgx-501,N2
2019-03-20T12:03:00Z,2.0,4.0,14.7,scs-bgx-501,N2
2019-03-20T12:04:00Z,1.9,3.6,13.8,scs-bgx-501,N2
2019-03-20T12:05:00Z,1.8,3.6,14.2,scs-bgx-501,N2
2019-03-20T12:06:00Z,2.1,4.0,21.0,scs-bgx-501,N2
2019-03-20T12:07:00Z,1.7,3.2,7.6,scs-bgx-501,N2
2019-03-20T12:08:00Z,2.0,4.1,25.1,scs-bgx-501,N2
2019-03-20T12:09:00Z,1.8,3.4,15.7,scs-bgx-501,N2
2019-03-20T12:10:00Z,2.8,7.4,61.2,scs-bgx-501,N2
2019-03-20T12:11:00Z,7.3,11.0,29.2,scs-bgx-501,N2
2019-03-20T12:12:00Z,2.7,5.3,21.2,scs-bgx-501,N2
2019-03-20T12:13:00Z,2.2,4.6,19.2,scs-bgx-501,N2
2019-03-20T12:14:00Z,2.2,4.6,21.1,scs-bgx-501,N2
2019-03-20T12:15:00Z,2.3,5.0,28.2,scs-bgx-501,N2
2019-03-20T12:16:00Z,1.9,3.9,15.9,scs-bgx-501,N2
2019-03-20T12:17:00Z,1.9,4.0,16.1,scs-bgx-501,N2
2019-03-20T12:18:00Z,1.9,4.1,19.8,scs-bgx-501,N2
2019-03-20T12:19:00Z,2.1,4.5,25.0,scs-bgx-501,N2
2019-03-20T12:20:00Z,2.6,6.1,36.5,scs-bgx-501,N2
2019-03-20T12:21:00Z,2.3,5.1,25.7,scs-bgx-501,N2
2019-03-20T12:22:00Z,2.3,5.0,25.9,scs-bgx-501,N2
2019-03-20T12:23:00Z,2.1,4.3,17.6,scs-bgx-501,N2
2019-03-20T12:24:00Z,1.9,4.1,14.6,scs-bgx-501,N2
2019-03-20T12:25:00Z,2.8,5.1,22.4,scs-bgx-501,N2
2019-03-20T12:26:00Z,2.2,4.5,18.2,scs-bgx-501,N2
2019-03-20T12:27:00Z,2.2,4.2,18.7,scs-bgx-501,N2
2019-03-20T12:28:00Z,1.8,3.7,14.0,scs-bgx-501,N2
2019-03-20T12:29:00Z,1.9,4.0,14.9,scs-bgx-501,N2
2019-03-20T12:30:00Z,2.2,4.3,15.5,scs-bgx-501,N2
2019-03-20T12:31:00Z,2.3,4.4,12.8,scs-bgx-501,N2
2019-03-20T12:32:00Z,2.4,4.8,18.1,scs-bgx-501,N2
2019-03-20T12:33:00Z,2.4,4.7,22.8,scs-bgx-501,N2
2019-03-20T12:34:00Z,2.2,4.4,23.2,scs-bgx-501,N2
2019-03-20T12:35:00Z,2.0,4.3,24.8,scs-bgx-501,N2
2019-03-20T12:36:00Z,1.7,3.5,13.6,scs-bgx-501,N2
2019-03-20T12:37:00Z,1.8,3.6,16.0,scs-bgx-501,N2
2019-03-20T12:38:00Z,1.8,3.6,12.9,scs-bgx-501,N2
2019-03-20T12:39:00Z,1.7,3.4,10.2,scs-bgx-501,N2
2019-03-20T12:40:00Z,1.7,3.4,10.8,scs-bgx-501,N2
2019-03-20T12:41:00Z,1.7,3.4,13.9,scs-bgx-501,N2
2019-03-20T12:42:00Z,1.7,3.4,12.7,scs-bgx-501,N2
2019-03-20T12:43:00Z,1.7,3.5,12.1,scs-bgx-501,N2
2019-03-20T12:44:00Z,1.8,3.6,19.1,scs-bgx-501,N2
2019-03-20T12:45:00Z,1.9,3.8,18.3,scs-bgx-501,N2
2019-03-20T12:46:00Z,1.8,3.6,14.2,scs-bgx-501,N2
2019-03-20T12:47:00Z,1.8,3.6,8.3,scs-bgx-501,N2
2019-03-20T12:48:00Z,1.6,3.6,23.0,scs-bgx-501,N2
2019-03-20T12:49:00Z,1.9,4.1,20.8,scs-bgx-501,N2
2019-03-20T12:50:00Z,1.9,4.0,21.3,scs-bgx-501,N2
2019-03-20T12:51:00Z,1.6,3.3,12.4,scs-bgx-501,N2
2019-03-20T12:52:00Z,1.5,3.1,9.3,scs-bgx-501,N2
2019-03-20T12:53:00Z,1.7,3.5,14.2,scs-bgx-501,N2
2019-03-20T12:54:00Z,1.8,3.5,17.3,scs-bgx-501,N2
2019-03-20T12:55:00Z,1.6,3.4,14.0,scs-bgx-501,N2
2019-03-20T12:56:00Z,1.6,3.3,18.7,scs-bgx-501,N2
2019-03-20T12:57:00Z,1.6,3.2,16.1,scs-bgx-501,N2
2019-03-20T12:58:00Z,1.7,3.4,13.4,scs-bgx-501,N2
2019-03-20T12:59:00Z,1.6,3.1,16.9,scs-bgx-501,N2
2019-03-20T13:00:00Z,2.1,4.1,15.3,scs-bgx-501,N2
2019-03-20T13:01:00Z,2.0,4.0,13.0,scs-bgx-501,N2
2019-03-20T13:02:00Z,1.9,3.9,17.9,scs-bgx-501,N2
2019-03-20T13:03:00Z,1.6,3.2,9.8,scs-bgx-501,N2
2019-03-20T13:04:00Z,1.8,3.9,17.9,scs-bgx-501,N2
2019-03-20T13:05:00Z,1.7,3.5,11.8,scs-bgx-501,N2
2019-03-20T13:06:00Z,1.8,3.6,12.9,scs-bgx-501,N2
2019-03-20T13:07:00Z,1.9,3.9,12.9,scs-bgx-501,N2
2019-03-20T13:08:00Z,1.9,3.8,12.6,scs-bgx-501,N2
2019-03-20T13:09:00Z,1.8,3.6,11.0,scs-bgx-501,N2
2019-03-20T13:10:00Z,2.0,4.0,14.3,scs-bgx-501,N2
2019-03-20T13:11:00Z,2.1,4.3,22.3,scs-bgx-501,N2
2019-03-20T13:12:00Z,2.3,4.7,21.4,scs-bgx-501,N2
2019-03-20T13:13:00Z,1.7,3.2,14.1,scs-bgx-501,N2
2019-03-20T13:14:00Z,1.9,3.8,15.8,scs-bgx-501,N2
2019-03-20T13:15:00Z,1.7,3.5,14.0,scs-bgx-501,N2
2019-03-20T13:16:00Z,1.7,3.6,17.7,scs-bgx-501,N2
2019-03-20T13:17:00Z,2.6,4.5,10.5,scs-bgx-501,N2
2019-03-20T13:18:00Z,2.1,3.6,9.1,scs-bgx-501,N2
2019-03-20T13:19:00Z,2.2,4.2,15.7,scs-bgx-501,N2
2019-03-20T13:20:00Z,1.7,3.3,13.9,scs-bgx-501,N2
2019-03-20T13:21:00Z,1.9,3.8,19.3,scs-bgx-501,N2
2019-03-20T13:22:00Z,2.5,4.2,11.1,scs-bgx-501,N2
2019-03-20T13:23:00Z,2.9,4.6,14.0,scs-bgx-501,N2
2019-03-20T13:24:00Z,2.3,4.2,19.1,scs-bgx-501,N2
2019-03-20T13:25:00Z,2.0,3.9,17.1,scs-bgx-501,N2
2019-03-20T13:26:00Z,2.3,4.8,28.8,scs-bgx-501,N2
2019-03-20T13:27:00Z,2.9,5.3,19.5,scs-bgx-501,N2
2019-03-20T13:28:00Z,1.5,2.9,9.8,scs-bgx-501,N2
2019-03-20T13:29:00Z,2.5,4.6,13.6,scs-bgx-501,N2
2019-03-20T13:30:00Z,1.9,3.9,12.6,scs-bgx-501,N2
2019-03-20T13:31:00Z,2.6,5.3,27.4,scs-bgx-501,N2
2019-03-20T13:32:00Z,2.8,5.7,30.2,scs-bgx-501,N2
2019-03-20T13:33:00Z,2.6,5.0,21.0,scs-bgx-501,N2
2019-03-20T13:34:00Z,2.0,3.7,10.9,scs-bgx-501,N2
2019-03-20T13:35:00Z,2.3,4.3,19.7,scs-bgx-501,N2
2019-03-20T13:36:00Z,2.2,4.6,36.2,scs-bgx-501,N2
2019-03-20T13:37:00Z,2.2,3.9,11.9,scs-bgx-501,N2
2019-03-20T13:38:00Z,2.2,4.0,11.7,scs-bgx-501,N2
2019-03-20T13:39:00Z,2.3,4.1,22.1,scs-bgx-501,N2
2019-03-20T13:40:00Z,1.9,3.6,12.5,scs-bgx-501,N2
2019-03-20T13:41:00Z,2.6,4.5,15.9,scs-bgx-501,N2
2019-03-20T13:42:00Z,2.7,4.8,18.7,scs-bgx-501,N2
2019-03-20T13:43:00Z,2.6,4.5,11.4,scs-bgx-501,N2
2019-03-20T13:44:00Z,2.4,4.4,18.8,scs-bgx-501,N2
2019-03-20T13:45:00Z,1.9,3.6,13.1,scs-bgx-501,N2
2019-03-20T13:46:00Z,1.9,3.7,23.6,scs-bgx-501,N2
2019-03-20T13:47:00Z,1.8,3.7,26.2,scs-bgx-501,N2
2019-03-20T13:48:00Z,1.6,3.5,25.1,scs-bgx-501,N2
2019-03-20T13:49:00Z,1.7,3.6,26.7,scs-bgx-501,N2
2019-03-20T13:50:00Z,2.1,4.3,20.8,scs-bgx-501,N2
2019-03-20T13:51:00Z,2.2,4.3,20.3,scs-bgx-501,N2
2019-03-20T13:52:00Z,2.5,4.7,22.7,scs-bgx-501,N2
2019-03-20T13:53:00Z,2.5,4.8,18.5,scs-bgx-501,N2
2019-03-20T13:54:00Z,2.4,4.6,21.3,scs-bgx-501,N2
2019-03-20T13:55:00Z,2.5,4.9,20.2,scs-bgx-501,N2
2019-03-20T13:56:00Z,2.5,4.6,13.9,scs-bgx-501,N2
2019-03-20T13:57:00Z,2.0,4.0,16.1,scs-bgx-501,N2
2019-03-20T13:58:00Z,2.3,4.7,20.0,scs-bgx-501,N2
2019-03-20T13:59:00Z,2.5,4.5,14.9,scs-bgx-501,N2
2019-03-20T14:00:00Z,2.6,4.9,19.5,scs-bgx-501,N2
2019-03-20T14:01:00Z,2.4,4.5,19.0,scs-bgx-501,N2
2019-03-20T14:02:00Z,2.4,4.6,12.5,scs-bgx-501,N2
2019-03-20T14:03:00Z,2.0,3.6,12.7,scs-bgx-501,N2
2019-03-20T14:04:00Z,2.1,3.8,16.1,scs-bgx-501,N2
2019-03-20T14:05:00Z,1.7,3.4,24.3,scs-bgx-501,N2
2019-03-20T14:06:00Z,1.6,3.3,16.8,scs-bgx-501,N2
2019-03-20T14:07:00Z,1.7,3.5,14.3,scs-bgx-501,N2
2019-03-20T14:08:00Z,1.8,3.5,10.8,scs-bgx-501,N2
2019-03-20T14:09:00Z,1.9,3.7,19.5,scs-bgx-501,N2
2019-03-20T14:10:00Z,1.6,3.4,25.0,scs-bgx-501,N2
2019-03-20T14:11:00Z,1.6,3.3,14.4,scs-bgx-501,N2
2019-03-20T14:12:00Z,1.7,3.5,18.6,scs-bgx-501,N2
2019-03-20T14:13:00Z,2.3,4.5,23.2,scs-bgx-501,N2
2019-03-20T14:14:00Z,2.3,4.8,24.8,scs-bgx-501,N2
2019-03-20T14:15:00Z,2.2,4.5,27.8,scs-bgx-501,N2
2019-03-20T14:16:00Z,2.6,5.1,23.7,scs-bgx-501,N2
2019-03-20T14:17:00Z,2.9,5.5,21.3,scs-bgx-501,N2
2019-03-20T14:18:00Z,2.6,5.1,24.7,scs-bgx-501,N2
2019-03-20T14:19:00Z,2.3,4.3,11.6,scs-bgx-501,N2
2019-03-20T14:20:00Z,1.9,3.6,14.8,scs-bgx-501,N2
2019-03-20T14:21:00Z,1.8,3.5,15.2,scs-bgx-501,N2
2019-03-20T14:22:00Z,1.9,3.8,13.8,scs-bgx-501,N2
2019-03-20T14:23:00Z,1.4,2.9,8.3,scs-bgx-501,N2
2019-03-20T14:24:00Z,1.8,3.5,11.9,scs-bgx-501,N2
2019-03-20T14:25:00Z,1.7,3.3,13.2,scs-bgx-501,N2
2019-03-20T14:26:00Z,1.6,3.4,19.4,scs-bgx-501,N2
2019-03-20T14:27:00Z,1.9,3.7,14.3,scs-bgx-501,N2
2019-03-20T14:28:00Z,1.9,3.8,12.6,scs-bgx-501,N2
2019-03-20T14:29:00Z,2.2,4.4,21.7,scs-bgx-501,N2
2019-03-20T14:30:00Z,2.5,5.4,26.4,scs-bgx-501,N2
2019-03-20T14:31:00Z,2.4,5.2,26.7,scs-bgx-501,N2
2019-03-20T14:32:00Z,2.0,4.4,17.6,scs-bgx-501,N2
2019-03-20T14:33:00Z,2.0,4.4,27.3,scs-bgx-501,N2
2019-03-20T14:34:00Z,2.1,4.5,21.8,scs-bgx-501,N2
2019-03-20T14:35:00Z,2.4,5.2,28.9,scs-bgx-501,N2
2019-03-20T14:36:00Z,2.7,6.4,39.7,scs-bgx-501,N2
2019-03-20T14:37:00Z,2.5,5.3,30.1,scs-bgx-501,N2
2019-03-20T14:38:00Z,2.4,4.9,28.4,scs-bgx-501,N2
2019-03-20T14:39:00Z,2.2,4.4,15.3,scs-bgx-501,N2
2019-03-20T14:40:00Z,2.2,4.3,13.7,scs-bgx-501,N2
2019-03-20T14:41:00Z,2.4,4.6,20.5,scs-bgx-501,N2
2019-03-20T14:42:00Z,2.5,4.8,21.6,scs-bgx-501,N2
2019-03-20T14:43:00Z,3.1,6.0,25.3,scs-bgx-501,N2
2019-03-20T14:44:00Z,2.8,5.4,20.5,scs-bgx-501,N2
2019-03-20T14:45:00Z,3.2,6.0,30.5,scs-bgx-501,N2
2019-03-20T14:46:00Z,2.8,5.5,22.4,scs-bgx-501,N2
2019-03-20T14:47:00Z,2.9,5.8,23.3,scs-bgx-501,N2
2019-03-20T14:48:00Z,2.2,4.3,16.0,scs-bgx-501,N2
2019-03-20T14:49:00Z,2.5,4.5,15.0,scs-bgx-501,N2
2019-03-20T14:50:00Z,2.8,5.3,22.7,scs-bgx-501,N2
2019-03-20T14:51:00Z,2.7,5.3,24.1,scs-bgx-501,N2
2019-03-20T14:52:00Z,2.6,5.1,25.9,scs-bgx-501,N2
2019-03-20T14:53:00Z,2.7,6.3,49.0,scs-bgx-501,N2
2019-03-20T14:54:00Z,2.1,4.1,15.5,scs-bgx-501,N2
2019-03-20T14:55:00Z,2.4,4.6,16.8,scs-bgx-501,N2
2019-03-20T14:56:00Z,2.0,3.9,13.5,scs-bgx-501,N2
2019-03-20T14:57:00Z,2.2,4.3,19.9,scs-bgx-501,N2
2019-03-20T14:58:00Z,2.1,4.0,19.9,scs-bgx-501,N2
2019-03-20T14:59:00Z,2.6,4.7,20.1,scs-bgx-501,N2
2019-03-20T15:00:00Z,2.7,5.1,27.7,scs-bgx-501,N2
2019-03-20T15:01:00Z,3.1,5.9,34.3,scs-bgx-501,N2
2019-03-20T15:02:00Z,2.3,4.5,15.3,scs-bgx-501,N2
2019-03-20T15:03:00Z,2.5,4.8,22.8,scs-bgx-501,N2
2019-03-20T15:04:00Z,2.5,4.5,23.1,scs-bgx-501,N2
2019-03-20T15:05:00Z,2.6,4.9,18.3,scs-bgx-501,N2
2019-03-20T15:06:00Z,2.4,4.7,20.4,scs-bgx-501,N2
2019-03-20T15:07:00Z,2.2,4.1,16.1,scs-bgx-501,N2
2019-03-20T15:08:00Z,2.1,3.9,12.6,scs-bgx-501,N2
2019-03-20T15:09:00Z,2.3,4.3,16.2,scs-bgx-501,N2
2019-03-20T15:10:00Z,2.6,5.1,27.4,scs-bgx-501,N2
2019-03-20T15:11:00Z,3.2,6.7,31.2,scs-bgx-501,N2
2019-03-20T15:12:00Z,2.7,5.1,17.7,scs-bgx-501,N2
2019-03-20T15:13:00Z,2.7,5.0,17.6,scs-bgx-501,N2
2019-03-20T15:14:00Z,2.6,5.0,21.4,scs-bgx-501,N2
2019-03-20T15:15:00Z,2.6,5.0,18.8,scs-bgx-501,N2
2019-03-20T15:16:00Z,2.9,5.4,21.8,scs-bgx-501,N2
2019-03-20T15:17:00Z,3.0,5.8,25.7,scs-bgx-501,N2
2019-03-20T15:18:00Z,3.0,5.6,18.9,scs-bgx-501,N2
2019-03-20T15:19:00Z,2.8,5.4,23.5,scs-bgx-501,N2
2019-03-20T15:20:00Z,2.7,5.0,18.1,scs-bgx-501,N2
2019-03-20T15:21:00Z,2.8,5.3,25.9,scs-bgx-501,N2
2019-03-20T15:22:00Z,2.5,4.7,21.4,scs-bgx-501,N2
2019-03-20T15:23:00Z,2.3,4.1,16.8,scs-bgx-501,N2
2019-03-20T15:24:00Z,2.6,4.6,12.2,scs-bgx-501,N2
2019-03-20T15:25:00Z,2.4,4.4,11.9,scs-bgx-501,N2
2019-03-20T15:26:00Z,2.4,4.5,22.6,scs-bgx-501,N2
2019-03-20T15:27:00Z,2.4,4.6,23.6,scs-bgx-501,N2
2019-03-20T15:28:00Z,2.3,4.6,20.2,scs-bgx-501,N2
2019-03-20T15:29:00Z,2.8,5.0,22.9,scs-bgx-501,N2
2019-03-20T15:30:00Z,2.9,5.2,26.0,scs-bgx-501,N2
2019-03-20T15:31:00Z,2.8,5.1,14.2,scs-bgx-501,N2
2019-03-20T15:32:00Z,2.8,5.0,21.4,scs-bgx-501,N2
2019-03-20T15:33:00Z,2.7,4.9,18.6,scs-bgx-501,N2
2019-03-20T15:34:00Z,2.7,4.8,20.6,scs-bgx-501,N2
2019-03-20T15:35:00Z,2.6,4.6,17.3,scs-bgx-501,N2
2019-03-20T15:36:00Z,2.4,4.5,21.6,scs-bgx-501,N2
2019-03-20T15:37:00Z,2.3,4.4,15.9,scs-bgx-501,N2
2019-03-20T15:38:00Z,2.5,4.5,18.8,scs-bgx-501,N2
2019-03-20T15:39:00Z,2.7,5.0,19.4,scs-bgx-501,N2
2019-03-20T15:40:00Z,2.5,4.4,17.9,scs-bgx-501,N2
2019-03-20T15:41:00Z,2.4,4.4,15.7,scs-bgx-501,N2
2019-03-20T15:42:00Z,2.5,4.5,22.6,scs-bgx-501,N2
2019-03-20T15:43:00Z,2.5,4.5,16.1,scs-bgx-501,N2
2019-03-20T15:44:00Z,2.8,5.0,16.3,scs-bgx-501,N2
2019-03-20T15:45:00Z,2.5,4.7,15.6,scs-bgx-501,N2
2019-03-20T15:46:00Z,2.5,4.6,14.0,scs-bgx-501,N2
2019-03-20T15:47:00Z,2.4,4.4,18.5,scs-bgx-501,N2
2019-03-20T15:48:00Z,2.9,5.1,16.9,scs-bgx-501,N2
2019-03-20T15:49:00Z,2.7,4.8,14.5,scs-bgx-501,N2
2019-03-20T15:50:00Z,2.8,4.9,17.4,scs-bgx-501,N2
2019-03-20T15:51:00Z,3.0,5.3,21.3,scs-bgx-501,N2
2019-03-20T15:52:00Z,2.7,4.7,20.9,scs-bgx-501,N2
2019-03-20T15:53:00Z,2.6,4.8,18.4,scs-bgx-501,N2
2019-03-20T15:54:00Z,2.4,4.6,21.6,scs-bgx-501,N2
2019-03-20T15:55:00Z,2.5,4.7,17.5,scs-bgx-501,N2
2019-03-20T15:56:00Z,2.6,4.9,15.1,scs-bgx-501,N2
2019-03-20T15:57:00Z,2.6,4.8,21.0,scs-bgx-501,N2
2019-03-20T15:58:00Z,2.7,4.9,15.9,scs-bgx-501,N2
2019-03-20T15:59:00Z,2.8,5.2,14.6,scs-bgx-501,N2
2019-03-20T16:00:00Z,3.0,5.5,25.2,scs-bgx-501,N2
2019-03-20T16:01:00Z,3.3,5.8,28.8,scs-bgx-501,N2
2019-03-20T16:02:00Z,3.2,5.7,18.2,scs-bgx-501,N2
2019-03-20T16:03:00Z,3.0,5.6,24.3,scs-bgx-501,N2
2019-03-20T16:04:00Z,2.9,5.4,19.3,scs-bgx-501,N2
2019-03-20T16:05:00Z,2.8,5.2,20.4,scs-bgx-501,N2
2019-03-20T16:06:00Z,2.9,5.5,22.5,scs-bgx-501,N2
2019-03-20T16:07:00Z,2.9,5.5,28.1,scs-bgx-501,N2
2019-03-20T16:08:00Z,3.0,5.8,26.9,scs-bgx-501,N2
2019-03-20T16:09:00Z,2.7,5.3,20.0,scs-bgx-501,N2
2019-03-20T16:10:00Z,2.6,5.0,20.0,scs-bgx-501,N2
2019-03-20T16:11:00Z,2.8,5.3,16.1,scs-bgx-501,N2
2019-03-20T16:12:00Z,2.7,5.3,21.4,scs-bgx-501,N2
2019-03-20T16:13:00Z,2.6,5.2,15.3,scs-bgx-501,N2
2019-03-20T16:14:00Z,2.8,5.5,22.5,scs-bgx-501,N2
2019-03-20T16:15:00Z,2.8,5.6,27.6,scs-bgx-501,N2
2019-03-20T16:16:00Z,3.6,6.6,27.8,scs-bgx-501,N2
2019-03-20T16:17:00Z,4.6,7.7,19.0,scs-bgx-501,N2
2019-03-20T16:18:00Z,4.9,8.4,26.5,scs-bgx-501,N2
2019-03-20T16:19:00Z,4.7,7.8,22.6,scs-bgx-501,N2
2019-03-20T16:20:00Z,4.5,7.6,21.5,scs-bgx-501,N2
2019-03-20T16:21:00Z,4.2,7.3,23.6,scs-bgx-501,N2
2019-03-20T16:22:00Z,4.0,6.8,21.8,scs-bgx-501,N2
2019-03-20T16:23:00Z,3.5,6.3,18.4,scs-bgx-501,N2
2019-03-20T16:24:00Z,3.2,5.8,19.0,scs-bgx-501,N2
2019-03-20T16:25:00Z,3.4,6.2,24.3,scs-bgx-501,N2
2019-03-20T16:26:00Z,4.1,7.0,22.9,scs-bgx-501,N2
2019-03-20T16:27:00Z,3.8,6.7,22.8,scs-bgx-501,N2
2019-03-20T16:28:00Z,4.2,7.2,25.2,scs-bgx-501,N2
2019-03-20T16:29:00Z,4.5,7.6,20.7,scs-bgx-501,N2
2019-03-20T16:30:00Z,4.5,7.7,25.8,scs-bgx-501,N2
2019-03-20T16:31:00Z,4.8,8.1,33.9,scs-bgx-501,N2
2019-03-20T16:32:00Z,5.1,8.1,28.7,scs-bgx-501,N2
2019-03-20T16:33:00Z,4.8,8.0,33.6,scs-bgx-501,N2
2019-03-20T16:34:00Z,4.4,7.3,20.8,scs-bgx-501,N2
2019-03-20T16:35:00Z,3.6,6.1,17.2,scs-bgx-501,N2
2019-03-20T16:36:00Z,3.7,6.3,15.8,scs-bgx-501,N2
2019-03-20T16:37:00Z,3.7,6.2,22.5,scs-bgx-501,N2
2019-03-20T16:38:00Z,3.7,6.3,21.6,scs-bgx-501,N2
2019-03-20T16:39:00Z,3.4,6.0,15.7,scs-bgx-501,N2
2019-03-20T16:40:00Z,3.0,5.4,16.7,scs-bgx-501,N2
2019-03-20T16:41:00Z,2.7,5.1,15.3,scs-bgx-501,N2
2019-03-20T16:42:00Z,2.7,5.1,16.5,scs-bgx-501,N2
2019-03-20T16:43:00Z,2.6,5.0,19.1,scs-bgx-501,N2
2019-03-20T16:44:00Z,2.8,5.3,22.1,scs-bgx-501,N2
2019-03-20T16:45:00Z,3.0,5.5,24.6,scs-bgx-501,N2
2019-03-20T16:46:00Z,3.0,5.5,23.5,scs-bgx-501,N2
2019-03-20T16:47:00Z,3.1,5.6,19.8,scs-bgx-501,N2
2019-03-20T16:48:00Z,3.1,5.7,22.1,scs-bgx-501,N2
2019-03-20T16:49:00Z,3.0,5.6,23.8,scs-bgx-501,N2
2019-03-20T16:50:00Z,3.2,5.8,19.6,scs-bgx-501,N2
2019-03-20T16:51:00Z,3.6,6.6,25.2,scs-bgx-501,N2
2019-03-20T16:52:00Z,3.6,6.7,29.0,scs-bgx-501,N2
2019-03-20T16:53:00Z,3.5,6.4,30.8,scs-bgx-501,N2
2019-03-20T16:54:00Z,3.5,6.4,21.2,scs-bgx-501,N2
2019-03-20T16:55:00Z,3.4,6.2,23.8,scs-bgx-501,N2
2019-03-20T16:56:00Z,3.5,6.2,20.6,scs-bgx-501,N2
2019-03-20T16:57:00Z,3.4,6.3,27.4,scs-bgx-501,N2
2019-03-20T16:58:00Z,3.5,6.1,18.4,scs-bgx-501,N2
2019-03-20T16:59:00Z,3.2,5.7,17.2,scs-bgx-501,N2
2019-03-20T17:00:00Z,3.2,5.7,17.2,scs-bgx-501,N2
2019-03-20T17:01:00Z,3.0,5.5,19.1,scs-bgx-501,N2
2019-03-20T17:02:00Z,3.3,5.9,19.6,scs-bgx-501,N2
2019-03-20T17:03:00Z,3.2,5.9,27.3,scs-bgx-501,N2
2019-03-20T17:04:00Z,3.5,6.3,22.3,scs-bgx-501,N2
2019-03-20T17:05:00Z,3.3,5.9,20.4,scs-bgx-501,N2
2019-03-20T17:06:00Z,3.5,6.2,23.3,scs-bgx-501,N2
2019-03-20T17:07:00Z,3.7,6.5,22.1,scs-bgx-501,N2
2019-03-20T17:08:00Z,3.8,6.5,28.8,scs-bgx-501,N2
2019-03-20T17:09:00Z,3.9,6.9,29.5,scs-bgx-501,N2
2019-03-20T17:10:00Z,3.8,6.7,29.6,scs-bgx-501,N2
2019-03-20T17:11:00Z,3.9,6.7,29.7,scs-bgx-501,N2
2019-03-20T17:12:00Z,4.0,7.0,27.0,scs-bgx-501,N2
2019-03-20T17:13:00Z,3.9,6.8,26.4,scs-bgx-501,N2
2019-03-20T17:14:00Z,4.1,6.9,22.3,scs-bgx-501,N2
2019-03-20T17:15:00Z,3.7,6.7,28.5,scs-bgx-501,N2
2019-03-20T17:16:00Z,3.8,6.8,25.7,scs-bgx-501,N2
2019-03-20T17:17:00Z,3.7,6.5,22.2,scs-bgx-501,N2
2019-03-20T17:18:00Z,3.8,6.5,14.8,scs-bgx-501,N2
2019-03-20T17:19:00Z,3.7,6.3,18.8,scs-bgx-501,N2
2019-03-20T17:20:00Z,3.5,6.0,17.5,scs-bgx-501,N2
2019-03-20T17:21:00Z,3.4,5.8,20.6,scs-bgx-501,N2
2019-03-20T17:22:00Z,3.4,6.0,21.6,scs-bgx-501,N2
2019-03-20T17:23:00Z,3.2,5.8,21.2,scs-bgx-501,N2
2019-03-20T17:24:00Z,3.1,5.4,15.6,scs-bgx-501,N2
2019-03-20T17:25:00Z,3.3,5.9,22.7,scs-bgx-501,N2
2019-03-20T17:26:00Z,3.3,5.8,23.6,scs-bgx-501,N2
2019-03-20T17:27:00Z,3.4,5.9,24.1,scs-bgx-501,N2
2019-03-20T17:28:00Z,3.2,5.8,25.4,scs-bgx-501,N2
2019-03-20T17:29:00Z,3.1,5.5,20.6,scs-bgx-501,N2
2019-03-20T17:30:00Z,3.3,5.7,19.5,scs-bgx-501,N2
2019-03-20T17:31:00Z,2.9,5.1,20.9,scs-bgx-501,N2
2019-03-20T17:32:00Z,3.0,5.1,15.5,scs-bgx-501,N2
2019-03-20T17:33:00Z,3.0,5.2,19.9,scs-bgx-501,N2
2019-03-20T17:34:00Z,3.0,5.4,17.5,scs-bgx-501,N2
2019-03-20T17:35:00Z,3.0,5.2,16.4,scs-bgx-501,N2
2019-03-20T17:36:00Z,3.1,5.4,18.1,scs-bgx-501,N2
2019-03-20T17:37:00Z,3.0,5.2,16.6,scs-bgx-501,N2
2019-03-20T17:38:00Z,2.9,5.1,19.8,scs-bgx-501,N2
2019-03-20T17:39:00Z,2.9,5.1,20.6,scs-bgx-501,N2
2019-03-20T17:40:00Z,3.0,5.4,20.6,scs-bgx-501,N2
2019-03-20T17:41:00Z,2.6,4.5,15.5,scs-bgx-501,N2
2019-03-20T17:42:00Z,2.6,4.8,18.7,scs-bgx-501,N2
2019-03-20T17:43:00Z,2.6,4.6,14.0,scs-bgx-501,N2
2019-03-20T17:44:00Z,2.6,4.6,18.2,scs-bgx-501,N2
2019-03-20T17:45:00Z,2.6,4.5,16.9,scs-bgx-501,N2
2019-03-20T17:46:00Z,2.2,3.9,11.1,scs-bgx-501,N2
2019-03-20T17:47:00Z,2.5,4.5,19.6,scs-bgx-501,N2
2019-03-20T17:48:00Z,2.5,4.6,16.4,scs-bgx-501,N2
2019-03-20T17:49:00Z,2.3,4.1,16.9,scs-bgx-501,N2
2019-03-20T17:50:00Z,2.4,4.3,16.7,scs-bgx-501,N2
2019-03-20T17:51:00Z,2.4,4.4,20.5,scs-bgx-501,N2
2019-03-20T17:52:00Z,2.5,4.4,17.7,scs-bgx-501,N2
2019-03-20T17:53:00Z,2.5,4.4,14.0,scs-bgx-501,N2
2019-03-20T17:54:00Z,2.4,4.3,18.4,scs-bgx-501,N2
2019-03-20T17:55:00Z,2.5,4.5,15.0,scs-bgx-501,N2
2019-03-20T17:56:00Z,2.6,4.6,14.8,scs-bgx-501,N2
2019-03-20T17:57:00Z,2.5,4.5,18.2,scs-bgx-501,N2
2019-03-20T17:58:00Z,2.3,4.2,15.7,scs-bgx-501,N2
2019-03-20T17:59:00Z,2.4,4.3,16.2,scs-bgx-501,N2
2019-03-20T18:00:00Z,2.3,4.1,13.1,scs-bgx-501,N2
2019-03-20T18:01:00Z,2.5,4.6,18.6,scs-bgx-501,N2
2019-03-20T18:02:00Z,2.5,4.4,12.9,scs-bgx-501,N2
2019-03-20T18:03:00Z,2.5,4.4,14.1,scs-bgx-501,N2
2019-03-20T18:04:00Z,2.4,4.1,14.2,scs-bgx-501,N2
2019-03-20T18:05:00Z,2.2,3.9,9.5,scs-bgx-501,N2
2019-03-20T18:06:00Z,2.2,4.1,13.9,scs-bgx-501,N2
2019-03-20T18:07:00Z,2.2,4.0,16.8,scs-bgx-501,N2
2019-03-20T18:08:00Z,2.2,4.0,12.7,scs-bgx-501,N2
2019-03-20T18:09:00Z,2.2,4.0,12.5,scs-bgx-501,N2
2019-03-20T18:10:00Z,2.2,4.0,12.0,scs-bgx-501,N2
2019-03-20T18:11:00Z,2.2,4.0,15.1,scs-bgx-501,N2
2019-03-20T18:12:00Z,2.1,3.9,12.5,scs-bgx-501,N2
2019-03-20T18:13:00Z,2.1,3.8,10.8,scs-bgx-501,N2
2019-03-20T18:14:00Z,2.2,4.0,11.2,scs-bgx-501,N2
2019-03-20T18:15:00Z,2.3,4.3,15.6,scs-bgx-501,N2
2019-03-20T18:16:00Z,2.4,4.2,9.6,scs-bgx-501,N2
2019-03-20T18:17:00Z,2.4,4.2,12.5,scs-bgx-501,N2
2019-03-20T18:18:00Z,2.4,4.2,12.4,scs-bgx-501,N2
2019-03-20T18:19:00Z,2.3,4.2,21.9,scs-bgx-501,N2
2019-03-20T18:20:00Z,2.4,4.3,21.6,scs-bgx-501,N2
2019-03-20T18:21:00Z,2.4,4.3,13.9,scs-bgx-501,N2
2019-03-20T18:22:00Z,2.4,4.3,15.4,scs-bgx-501,N2
2019-03-20T18:23:00Z,2.4,4.3,14.6,scs-bgx-501,N2
2019-03-20T18:24:00Z,2.4,4.4,12.8,scs-bgx-501,N2
2019-03-20T18:25:00Z,2.5,4.4,14.5,scs-bgx-501,N2
2019-03-20T18:26:00Z,2.3,4.2,16.5,scs-bgx-501,N2
2019-03-20T18:27:00Z,2.5,4.5,15.3,scs-bgx-501,N2
2019-03-20T18:28:00Z,2.4,4.3,15.8,scs-bgx-501,N2
2019-03-20T18:29:00Z,2.5,4.5,16.5,scs-bgx-501,N2
2019-03-20T18:30:00Z,2.5,4.5,17.4,scs-bgx-501,N2
2019-03-20T18:31:00Z,2.3,4.4,16.1,scs-bgx-501,N2
2019-03-20T18:32:00Z,2.4,4.3,13.3,scs-bgx-501,N2
2019-03-20T18:33:00Z,2.3,4.2,16.2,scs-bgx-501,N2
2019-03-20T18:34:00Z,2.5,4.4,14.8,scs-bgx-501,N2
2019-03-20T18:35:00Z,2.4,4.2,21.5,scs-bgx-501,N2
2019-03-20T18:36:00Z,2.2,4.0,12.8,scs-bgx-501,N2
2019-03-20T18:37:00Z,2.2,4.1,18.6,scs-bgx-501,N2
2019-03-20T18:38:00Z,2.2,3.8,13.4,scs-bgx-501,N2
2019-03-20T18:39:00Z,2.3,4.2,17.8,scs-bgx-501,N2
2019-03-20T18:40:00Z,2.4,4.4,14.9,scs-bgx-501,N2
2019-03-20T18:41:00Z,2.2,4.0,19.1,scs-bgx-501,N2
2019-03-20T18:42:00Z,2.2,3.9,14.6,scs-bgx-501,N2
2019-03-20T18:43:00Z,2.3,4.2,12.8,scs-bgx-501,N2
2019-03-20T18:44:00Z,2.4,4.3,17.2,scs-bgx-501,N2
2019-03-20T18:45:00Z,2.4,4.2,14.6,scs-bgx-501,N2
2019-03-20T18:46:00Z,2.2,3.8,10.4,scs-bgx-501,N2
2019-03-20T18:47:00Z,2.1,3.9,12.4,scs-bgx-501,N2
2019-03-20T18:48:00Z,2.3,4.0,12.4,scs-bgx-501,N2
2019-03-20T18:49:00Z,2.2,4.1,16.1,scs-bgx-501,N2
2019-03-20T18:50:00Z,2.2,3.9,14.6,scs-bgx-501,N2
2019-03-20T18:51:00Z,2.1,3.9,12.2,scs-bgx-501,N2
2019-03-20T18:52:00Z,2.2,4.1,14.7,scs-bgx-501,N2
2019-03-20T18:53:00Z,2.2,3.9,14.2,scs-bgx-501,N2
2019-03-20T18:54:00Z,2.2,4.2,14.6,scs-bgx-501,N2
2019-03-20T18:55:00Z,2.2,4.0,15.3,scs-bgx-501,N2
2019-03-20T18:56:00Z,2.3,4.3,18.0,scs-bgx-501,N2
2019-03-20T18:57:00Z,2.1,4.0,16.4,scs-bgx-501,N2
2019-03-20T18:58:00Z,2.5,4.4,19.2,scs-bgx-501,N2
2019-03-20T18:59:00Z,2.4,4.4,18.9,scs-bgx-501,N2
2019-03-20T19:00:00Z,2.3,4.1,19.1,scs-bgx-501,N2
2019-03-20T19:01:00Z,2.4,4.2,19.1,scs-bgx-501,N2
2019-03-20T19:02:00Z,2.3,4.2,22.6,scs-bgx-501,N2
2019-03-20T19:03:00Z,2.2,4.1,11.9,scs-bgx-501,N2
2019-03-20T19:04:00Z,2.3,4.1,10.9,scs-bgx-501,N2
2019-03-20T19:05:00Z,2.2,4.1,19.7,scs-bgx-501,N2
2019-03-20T19:06:00Z,2.0,3.6,17.9,scs-bgx-501,N2
2019-03-20T19:07:00Z,2.2,3.9,16.6,scs-bgx-501,N2
2019-03-20T19:08:00Z,2.1,3.8,17.0,scs-bgx-501,N2
2019-03-20T19:09:00Z,2.0,3.7,17.1,scs-bgx-501,N2
2019-03-20T19:10:00Z,2.0,3.8,20.7,scs-bgx-501,N2
2019-03-20T19:11:00Z,2.1,3.7,12.4,scs-bgx-501,N2
2019-03-20T19:12:00Z,2.0,3.8,19.2,scs-bgx-501,N2
2019-03-20T19:13:00Z,2.0,3.6,12.9,scs-bgx-501,N2
2019-03-20T19:14:00Z,2.1,3.9,10.7,scs-bgx-501,N2
2019-03-20T19:15:00Z,2.5,4.4,20.3,scs-bgx-501,N2
2019-03-20T19:16:00Z,2.5,4.5,17.3,scs-bgx-501,N2
2019-03-20T19:17:00Z,2.7,4.7,20.0,scs-bgx-501,N2
2019-03-20T19:18:00Z,2.9,5.2,23.3,scs-bgx-501,N2
2019-03-20T19:19:00Z,2.7,4.7,29.3,scs-bgx-501,N2
2019-03-20T19:20:00Z,2.9,5.2,17.8,scs-bgx-501,N2
2019-03-20T19:21:00Z,2.9,5.1,24.2,scs-bgx-501,N2
2019-03-20T19:22:00Z,3.3,5.9,25.1,scs-bgx-501,N2
2019-03-20T19:23:00Z,3.7,6.3,23.2,scs-bgx-501,N2
2019-03-20T19:24:00Z,3.3,5.7,19.3,scs-bgx-501,N2
2019-03-20T19:25:00Z,3.4,5.8,20.0,scs-bgx-501,N2
2019-03-20T19:26:00Z,3.5,6.1,26.3,scs-bgx-501,N2
2019-03-20T19:27:00Z,3.7,6.4,27.5,scs-bgx-501,N2
2019-03-20T19:28:00Z,3.9,6.5,30.3,scs-bgx-501,N2
2019-03-20T19:29:00Z,3.6,6.4,35.4,scs-bgx-501,N2
2019-03-20T19:30:00Z,3.6,6.3,30.7,scs-bgx-501,N2
2019-03-20T19:31:00Z,3.8,6.8,37.7,scs-bgx-501,N2
2019-03-20T19:32:00Z,3.7,6.4,26.3,scs-bgx-501,N2
2019-03-20T19:33:00Z,3.9,6.8,26.8,scs-bgx-501,N2
2019-03-20T19:34:00Z,3.8,6.4,34.9,scs-bgx-501,N2
2019-03-20T19:35:00Z,3.5,6.1,27.6,scs-bgx-501,N2
2019-03-20T19:36:00Z,3.8,6.4,24.9,scs-bgx-501,N2
2019-03-20T19:37:00Z,3.8,6.4,28.2,scs-bgx-501,N2
2019-03-20T19:38:00Z,4.0,6.7,25.1,scs-bgx-501,N2
2019-03-20T19:39:00Z,4.5,7.3,21.2,scs-bgx-501,N2
2019-03-20T19:40:00Z,4.4,7.2,25.8,scs-bgx-501,N2
2019-03-20T19:41:00Z,4.3,7.0,26.7,scs-bgx-501,N2
2019-03-20T19:42:00Z,4.0,6.8,32.7,scs-bgx-501,N2
2019-03-20T19:43:00Z,4.0,6.6,30.0,scs-bgx-501,N2
2019-03-20T19:44:00Z,4.0,6.6,27.9,scs-bgx-501,N2
2019-03-20T19:45:00Z,4.7,7.4,29.1,scs-bgx-501,N2
2019-03-20T19:46:00Z,4.1,6.6,20.7,scs-bgx-501,N2
2019-03-20T19:47:00Z,4.9,7.7,19.1,scs-bgx-501,N2
2019-03-20T19:48:00Z,4.4,7.1,29.3,scs-bgx-501,N2
2019-03-20T19:49:00Z,4.3,7.0,23.1,scs-bgx-501,N2
2019-03-20T19:50:00Z,4.4,7.1,25.7,scs-bgx-501,N2
2019-03-20T19:51:00Z,4.3,7.0,23.3,scs-bgx-501,N2
2019-03-20T19:52:00Z,4.5,7.2,25.5,scs-bgx-501,N2
2019-03-20T19:53:00Z,4.2,6.7,21.5,scs-bgx-501,N2
2019-03-20T19:54:00Z,4.2,6.7,19.4,scs-bgx-501,N2
2019-03-20T19:55:00Z,4.1,6.7,21.2,scs-bgx-501,N2
2019-03-20T19:56:00Z,4.1,6.6,29.1,scs-bgx-501,N2
2019-03-20T19:57:00Z,4.1,6.7,23.9,scs-bgx-501,N2
2019-03-20T19:58:00Z,4.0,6.6,23.4,scs-bgx-501,N2
2019-03-20T19:59:00Z,4.3,7.0,23.1,scs-bgx-501,N2
2019-03-20T20:00:00Z,4.2,7.0,21.0,scs-bgx-501,N2
2019-03-20T20:01:00Z,4.1,6.8,28.6,scs-bgx-501,N2
2019-03-20T20:02:00Z,4.1,6.7,24.3,scs-bgx-501,N2
2019-03-20T20:03:00Z,4.2,6.8,25.9,scs-bgx-501,N2
2019-03-20T20:04:00Z,4.4,7.3,25.6,scs-bgx-501,N2
2019-03-20T20:05:00Z,4.7,7.7,24.6,scs-bgx-501,N2
2019-03-20T20:06:00Z,4.4,7.1,25.2,scs-bgx-501,N2
2019-03-20T20:07:00Z,4.2,6.9,29.0,scs-bgx-501,N2
2019-03-20T20:08:00Z,4.3,7.0,31.3,scs-bgx-501,N2
2019-03-20T20:09:00Z,5.0,8.1,27.8,scs-bgx-501,N2
2019-03-20T20:10:00Z,4.6,7.5,25.1,scs-bgx-501,N2
2019-03-20T20:11:00Z,5.5,8.8,25.4,scs-bgx-501,N2
2019-03-20T20:12:00Z,5.6,8.9,32.9,scs-bgx-501,N2
2019-03-20T20:13:00Z,5.4,8.5,24.3,scs-bgx-501,N2
2019-03-20T20:14:00Z,6.0,9.1,28.1,scs-bgx-501,N2
2019-03-20T20:15:00Z,6.2,9.7,26.2,scs-bgx-501,N2
2019-03-20T20:16:00Z,6.8,10.6,29.1,scs-bgx-501,N2
2019-03-20T20:17:00Z,8.2,12.2,30.5,scs-bgx-501,N2
2019-03-20T20:18:00Z,7.2,10.9,27.4,scs-bgx-501,N2
2019-03-20T20:19:00Z,6.6,10.0,35.4,scs-bgx-501,N2
2019-03-20T20:20:00Z,6.9,10.4,31.2,scs-bgx-501,N2
2019-03-20T20:21:00Z,7.9,11.7,30.6,scs-bgx-501,N2
2019-03-20T20:22:00Z,8.6,12.9,30.5,scs-bgx-501,N2
2019-03-20T20:23:00Z,9.7,14.2,36.6,scs-bgx-501,N2
2019-03-20T20:24:00Z,9.4,14.0,32.9,scs-bgx-501,N2
2019-03-20T20:25:00Z,8.8,13.1,30.4,scs-bgx-501,N2
2019-03-20T20:26:00Z,8.8,13.0,32.2,scs-bgx-501,N2
2019-03-20T20:27:00Z,8.7,13.0,30.8,scs-bgx-501,N2
2019-03-20T20:28:00Z,9.3,13.9,39.0,scs-bgx-501,N2
2019-03-20T20:29:00Z,10.1,15.2,31.0,scs-bgx-501,N2
2019-03-20T20:30:00Z,11.5,16.8,29.4,scs-bgx-501,N2
2019-03-20T20:31:00Z,12.1,17.6,33.1,scs-bgx-501,N2
2019-03-20T20:32:00Z,10.9,16.2,37.7,scs-bgx-501,N2
2019-03-20T20:33:00Z,10.8,16.0,34.4,scs-bgx-501,N2
2019-03-20T20:34:00Z,11.2,16.7,37.0,scs-bgx-501,N2
2019-03-20T20:35:00Z,11.2,16.5,41.0,scs-bgx-501,N2
2019-03-20T20:36:00Z,10.4,15.6,34.6,scs-bgx-501,N2
2019-03-20T20:37:00Z,10.1,14.9,43.3,scs-bgx-501,N2
2019-03-20T20:38:00Z,9.8,14.4,28.5,scs-bgx-501,N2
2019-03-20T20:39:00Z,10.3,15.4,33.5,scs-bgx-501,N2
2019-03-20T20:40:00Z,10.1,15.1,39.8,scs-bgx-501,N2
2019-03-20T20:41:00Z,10.9,16.0,31.6,scs-bgx-501,N2
2019-03-20T20:42:00Z,10.7,15.8,33.9,scs-bgx-501,N2
2019-03-20T20:43:00Z,11.2,16.6,37.2,scs-bgx-501,N2
2019-03-20T20:44:00Z,10.8,16.0,39.1,scs-bgx-501,N2
2019-03-20T20:45:00Z,12.0,17.6,33.5,scs-bgx-501,N2
2019-03-20T20:46:00Z,12.2,17.8,38.8,scs-bgx-501,N2
2019-03-20T20:47:00Z,11.2,16.4,39.5,scs-bgx-501,N2
2019-03-20T20:48:00Z,11.1,16.1,31.7,scs-bgx-501,N2
2019-03-20T20:49:00Z,11.2,16.4,32.5,scs-bgx-501,N2
2019-03-20T20:50:00Z,11.4,16.8,33.3,scs-bgx-501,N2
2019-03-20T20:51:00Z,11.8,17.1,32.5,scs-bgx-501,N2
2019-03-20T20:52:00Z,11.6,16.8,44.1,scs-bgx-501,N2
2019-03-20T20:53:00Z,11.3,16.4,32.7,scs-bgx-501,N2
2019-03-20T20:54:00Z,11.3,16.5,32.3,scs-bgx-501,N2
2019-03-20T20:55:00Z,11.1,16.2,33.4,scs-bgx-501,N2
2019-03-20T20:56:00Z,10.4,15.0,32.2,scs-bgx-501,N2
2019-03-20T20:57:00Z,10.1,14.7,27.2,scs-bgx-501,N2
2019-03-20T20:58:00Z,10.0,14.6,27.6,scs-bgx-501,N2
2019-03-20T20:59:00Z,10.0,14.7,28.4,scs-bgx-501,N2
2019-03-20T21:00:00Z,10.4,15.4,31.3,scs-bgx-501,N2
2019-03-20T21:01:00Z,11.5,16.7,36.7,scs-bgx-501,N2
2019-03-20T21:02:00Z,11.1,16.1,36.5,scs-bgx-501,N2
2019-03-20T21:03:00Z,10.8,15.7,30.0,scs-bgx-501,N2
2019-03-20T21:04:00Z,10.6,15.5,29.0,scs-bgx-501,N2
2019-03-20T21:05:00Z,11.3,16.4,28.6,scs-bgx-501,N2
2019-03-20T21:06:00Z,11.6,16.7,31.2,scs-bgx-501,N2
2019-03-20T21:07:00Z,11.0,16.0,32.5,scs-bgx-501,N2
2019-03-20T21:08:00Z,10.9,15.8,33.0,scs-bgx-501,N2
2019-03-20T21:09:00Z,10.7,15.6,31.8,scs-bgx-501,N2
2019-03-20T21:10:00Z,10.4,15.1,27.7,scs-bgx-501,N2
2019-03-20T21:11:00Z,11.3,16.6,26.8,scs-bgx-501,N2
2019-03-20T21:12:00Z,11.5,16.7,29.8,scs-bgx-501,N2
2019-03-20T21:13:00Z,11.0,16.1,31.9,scs-bgx-501,N2
2019-03-20T21:14:00Z,10.6,15.7,41.1,scs-bgx-501,N2
2019-03-20T21:15:00Z,10.7,15.7,28.2,scs-bgx-501,N2
2019-03-20T21:16:00Z,10.7,15.6,30.4,scs-bgx-501,N2
2019-03-20T21:17:00Z,11.1,16.2,32.2,scs-bgx-501,N2
2019-03-20T21:18:00Z,11.0,16.1,32.4,scs-bgx-501,N2
2019-03-20T21:19:00Z,10.7,15.6,29.5,scs-bgx-501,N2
2019-03-20T21:20:00Z,10.1,14.9,27.8,scs-bgx-501,N2
2019-03-20T21:21:00Z,10.8,15.8,30.0,scs-bgx-501,N2
2019-03-20T21:22:00Z,10.5,15.3,29.3,scs-bgx-501,N2
2019-03-20T21:23:00Z,10.6,15.5,29.7,scs-bgx-501,N2
2019-03-20T21:24:00Z,10.6,15.5,28.6,scs-bgx-501,N2
2019-03-20T21:25:00Z,10.6,15.6,30.3,scs-bgx-501,N2
2019-03-20T21:26:00Z,10.2,14.8,25.8,scs-bgx-501,N2
2019-03-20T21:27:00Z,10.1,14.8,26.6,scs-bgx-501,N2
2019-03-20T21:28:00Z,10.3,15.1,33.5,scs-bgx-501,N2
2019-03-20T21:29:00Z,10.2,15.0,31.2,scs-bgx-501,N2
2019-03-20T21:30:00Z,10.1,14.8,27.7,scs-bgx-501,N2
2019-03-20T21:31:00Z,10.2,15.0,31.6,scs-bgx-501,N2
2019-03-20T21:32:00Z,10.0,14.8,27.1,scs-bgx-501,N2
2019-03-20T21:33:00Z,9.8,14.5,31.4,scs-bgx-501,N2
2019-03-20T21:34:00Z,9.1,13.4,25.4,scs-bgx-501,N2
2019-03-20T21:35:00Z,10.8,15.8,26.8,scs-bgx-501,N2
2019-03-20T21:36:00Z,10.8,15.7,28.7,scs-bgx-501,N2
2019-03-20T21:37:00Z,10.9,16.1,27.3,scs-bgx-501,N2
2019-03-20T21:38:00Z,10.8,15.8,30.6,scs-bgx-501,N2
2019-03-20T21:39:00Z,10.3,15.2,30.7,scs-bgx-501,N2
2019-03-20T21:40:00Z,10.4,15.2,31.1,scs-bgx-501,N2
2019-03-20T21:41:00Z,10.2,15.0,29.1,scs-bgx-501,N2
2019-03-20T21:42:00Z,10.4,15.2,24.1,scs-bgx-501,N2
2019-03-20T21:43:00Z,9.3,13.7,22.7,scs-bgx-501,N2
2019-03-20T21:44:00Z,9.4,14.2,26.8,scs-bgx-501,N2
2019-03-20T21:45:00Z,6.6,10.3,22.2,scs-bgx-501,N2
2019-03-20T21:46:00Z,4.6,7.3,17.3,scs-bgx-501,N2
2019-03-20T21:47:00Z,8.3,12.2,24.6,scs-bgx-501,N2
2019-03-20T21:48:00Z,8.8,13.1,28.9,scs-bgx-501,N2
2019-03-20T21:49:00Z,7.6,11.4,23.3,scs-bgx-501,N2
2019-03-20T21:50:00Z,5.9,9.2,21.9,scs-bgx-501,N2
2019-03-20T21:51:00Z,7.9,12.0,23.4,scs-bgx-501,N2
2019-03-20T21:52:00Z,9.2,14.0,27.5,scs-bgx-501,N2
2019-03-20T21:53:00Z,9.8,14.6,25.3,scs-bgx-501,N2
2019-03-20T21:54:00Z,8.9,13.5,28.0,scs-bgx-501,N2
2019-03-20T21:55:00Z,8.5,12.7,32.7,scs-bgx-501,N2
2019-03-20T21:56:00Z,7.6,11.6,21.9,scs-bgx-501,N2
2019-03-20T21:57:00Z,6.4,9.9,24.3,scs-bgx-501,N2
2019-03-20T21:58:00Z,8.0,12.1,31.1,scs-bgx-501,N2
2019-03-20T21:59:00Z,8.0,11.8,23.1,scs-bgx-501,N2
2019-03-20T22:00:00Z,7.5,11.6,19.7,scs-bgx-501,N2
2019-03-20T22:01:00Z,7.0,10.6,25.4,scs-bgx-501,N2
2019-03-20T22:02:00Z,7.3,11.0,25.6,scs-bgx-501,N2
2019-03-20T22:03:00Z,7.6,11.5,28.2,scs-bgx-501,N2
2019-03-20T22:04:00Z,7.1,10.9,30.8,scs-bgx-501,N2
2019-03-20T22:05:00Z,7.7,11.7,29.9,scs-bgx-501,N2
2019-03-20T22:06:00Z,7.6,11.4,24.1,scs-bgx-501,N2
2019-03-20T22:07:00Z,7.6,11.5,30.1,scs-bgx-501,N2
2019-03-20T22:08:00Z,7.9,11.9,24.8,scs-bgx-501,N2
2019-03-20T22:09:00Z,8.3,12.9,34.6,scs-bgx-501,N2
2019-03-20T22:10:00Z,7.0,10.7,21.0,scs-bgx-501,N2
2019-03-20T22:11:00Z,6.9,10.6,26.2,scs-bgx-501,N2
2019-03-20T22:12:00Z,7.1,10.9,26.0,scs-bgx-501,N2
2019-03-20T22:13:00Z,7.1,10.8,26.4,scs-bgx-501,N2
2019-03-20T22:14:00Z,7.0,10.8,25.7,scs-bgx-501,N2
2019-03-20T22:15:00Z,7.3,11.2,28.9,scs-bgx-501,N2
2019-03-20T22:16:00Z,7.8,11.8,25.3,scs-bgx-501,N2
2019-03-20T22:17:00Z,7.8,11.8,27.9,scs-bgx-501,N2
2019-03-20T22:18:00Z,8.7,13.1,35.0,scs-bgx-501,N2
2019-03-20T22:19:00Z,9.0,13.6,29.1,scs-bgx-501,N2
2019-03-20T22:20:00Z,9.4,14.2,28.1,scs-bgx-501,N2
2019-03-20T22:21:00Z,10.1,14.9,29.1,scs-bgx-501,N2
2019-03-20T22:22:00Z,9.4,14.0,35.3,scs-bgx-501,N2
2019-03-20T22:23:00Z,9.1,13.6,24.1,scs-bgx-501,N2
2019-03-20T22:24:00Z,8.9,13.2,34.4,scs-bgx-501,N2
2019-03-20T22:25:00Z,8.7,13.2,33.9,scs-bgx-501,N2
2019-03-20T22:26:00Z,8.7,13.1,27.5,scs-bgx-501,N2
2019-03-20T22:27:00Z,8.5,12.8,26.9,scs-bgx-501,N2
2019-03-20T22:28:00Z,8.9,13.4,37.6,scs-bgx-501,N2
2019-03-20T22:29:00Z,8.6,13.1,30.8,scs-bgx-501,N2
2019-03-20T22:30:00Z,8.6,12.9,31.9,scs-bgx-501,N2
2019-03-20T22:31:00Z,8.3,12.5,30.6,scs-bgx-501,N2
2019-03-20T22:32:00Z,8.0,12.3,31.5,scs-bgx-501,N2
2019-03-20T22:33:00Z,7.0,10.9,29.5,scs-bgx-501,N2
2019-03-20T22:34:00Z,6.8,10.8,37.3,scs-bgx-501,N2
2019-03-20T22:35:00Z,6.4,10.2,29.9,scs-bgx-501,N2
2019-03-20T22:36:00Z,6.8,10.6,32.6,scs-bgx-501,N2
2019-03-20T22:37:00Z,7.3,11.5,31.0,scs-bgx-501,N2
2019-03-20T22:38:00Z,7.8,12.1,38.4,scs-bgx-501,N2
2019-03-20T22:39:00Z,7.5,11.8,30.2,scs-bgx-501,N2
2019-03-20T22:40:00Z,7.7,11.8,29.2,scs-bgx-501,N2
2019-03-20T22:41:00Z,7.5,11.7,23.4,scs-bgx-501,N2
2019-03-20T22:42:00Z,6.5,10.4,26.3,scs-bgx-501,N2
2019-03-20T22:43:00Z,6.0,9.4,20.6,scs-bgx-501,N2
2019-03-20T22:44:00Z,6.7,10.6,28.4,scs-bgx-501,N2
2019-03-20T22:45:00Z,6.0,9.5,23.0,scs-bgx-501,N2
2019-03-20T22:46:00Z,7.3,11.4,25.8,scs-bgx-501,N2
2019-03-20T22:47:00Z,7.2,11.1,24.1,scs-bgx-501,N2
2019-03-20T22:48:00Z,6.4,10.3,28.7,scs-bgx-501,N2
2019-03-20T22:49:00Z,6.3,10.1,22.4,scs-bgx-501,N2
2019-03-20T22:50:00Z,6.4,10.2,24.5,scs-bgx-501,N2
2019-03-20T22:51:00Z,7.4,11.5,23.2,scs-bgx-501,N2
2019-03-20T22:52:00Z,6.7,10.5,30.2,scs-bgx-501,N2
2019-03-20T22:53:00Z,6.8,10.7,22.6,scs-bgx-501,N2
2019-03-20T22:54:00Z,7.3,11.6,25.2,scs-bgx-501,N2
2019-03-20T22:55:00Z,6.9,10.7,29.1,scs-bgx-501,N2
2019-03-20T22:56:00Z,6.4,10.1,23.9,scs-bgx-501,N2
2019-03-20T22:57:00Z,6.0,9.6,26.3,scs-bgx-501,N2
2019-03-20T22:58:00Z,6.1,9.8,30.0,scs-bgx-501,N2
2019-03-20T22:59:00Z,6.2,9.8,25.3,scs-bgx-501,N2
2019-03-20T23:00:00Z,6.2,9.8,26.9,scs-bgx-501,N2
2019-03-20T23:01:00Z,6.2,9.9,27.8,scs-bgx-501,N2
2019-03-20T23:02:00Z,6.2,9.9,25.8,scs-bgx-501,N2
2019-03-20T23:03:00Z,6.1,9.7,28.9,scs-bgx-501,N2
2019-03-20T23:04:00Z,5.7,9.1,27.7,scs-bgx-501,N2
2019-03-20T23:05:00Z,5.6,9.0,33.7,scs-bgx-501,N2
2019-03-20T23:06:00Z,5.8,9.2,30.9,scs-bgx-501,N2
2019-03-20T23:07:00Z,5.3,8.7,32.9,scs-bgx-501,N2
2019-03-20T23:08:00Z,5.9,9.5,25.2,scs-bgx-501,N2
2019-03-20T23:09:00Z,6.0,9.5,26.8,scs-bgx-501,N2
2019-03-20T23:10:00Z,5.8,9.3,29.7,scs-bgx-501,N2
2019-03-20T23:11:00Z,5.5,9.0,20.7,scs-bgx-501,N2
2019-03-20T23:12:00Z,5.5,8.9,26.4,scs-bgx-501,N2
2019-03-20T23:13:00Z,5.9,9.5,26.8,scs-bgx-501,N2
2019-03-20T23:14:00Z,6.2,10.1,33.5,scs-bgx-501,N2
2019-03-20T23:15:00Z,5.9,9.5,28.3,scs-bgx-501,N2
2019-03-20T23:16:00Z,6.2,9.8,25.3,scs-bgx-501,N2
2019-03-20T23:17:00Z,6.2,9.8,29.1,scs-bgx-501,N2
2019-03-20T23:18:00Z,6.5,10.1,33.0,scs-bgx-501,N2
2019-03-20T23:19:00Z,6.9,10.7,30.2,scs-bgx-501,N2
2019-03-20T23:20:00Z,7.4,11.2,27.9,scs-bgx-501,N2
2019-03-20T23:21:00Z,8.1,12.2,28.5,scs-bgx-501,N2
2019-03-20T23:22:00Z,8.9,13.4,26.3,scs-bgx-501,N2
2019-03-20T23:23:00Z,8.1,12.5,33.1,scs-bgx-501,N2
2019-03-20T23:24:00Z,8.7,13.2,30.0,scs-bgx-501,N2
2019-03-20T23:25:00Z,8.1,12.4,29.5,scs-bgx-501,N2
2019-03-20T23:26:00Z,8.4,12.9,30.8,scs-bgx-501,N2
2019-03-20T23:27:00Z,8.1,12.3,34.2,scs-bgx-501,N2
2019-03-20T23:28:00Z,7.5,11.8,29.0,scs-bgx-501,N2
2019-03-20T23:29:00Z,8.0,12.1,24.5,scs-bgx-501,N2
2019-03-20T23:30:00Z,8.6,13.1,25.3,scs-bgx-501,N2
2019-03-20T23:31:00Z,10.4,15.2,25.3,scs-bgx-501,N2
2019-03-20T23:32:00Z,10.0,14.8,30.8,scs-bgx-501,N2
2019-03-20T23:33:00Z,10.4,15.4,32.1,scs-bgx-501,N2
2019-03-20T23:34:00Z,9.7,14.4,28.5,scs-bgx-501,N2
2019-03-20T23:35:00Z,9.7,14.2,36.2,scs-bgx-501,N2
2019-03-20T23:36:00Z,9.5,14.0,26.6,scs-bgx-501,N2
2019-03-20T23:37:00Z,9.5,14.1,29.0,scs-bgx-501,N2
2019-03-20T23:38:00Z,9.6,14.2,23.5,scs-bgx-501,N2
2019-03-20T23:39:00Z,10.3,15.2,24.8,scs-bgx-501,N2
2019-03-20T23:40:00Z,10.0,15.0,33.0,scs-bgx-501,N2
2019-03-20T23:41:00Z,9.7,14.3,23.7,scs-bgx-501,N2
2019-03-20T23:42:00Z,9.4,14.1,31.1,scs-bgx-501,N2
2019-03-20T23:43:00Z,9.7,14.4,30.7,scs-bgx-501,N2
2019-03-20T23:44:00Z,9.6,14.3,26.8,scs-bgx-501,N2
2019-03-20T23:45:00Z,10.0,14.9,34.0,scs-bgx-501,N2
2019-03-20T23:46:00Z,10.4,15.4,26.5,scs-bgx-501,N2
2019-03-20T23:47:00Z,9.7,14.6,30.9,scs-bgx-501,N2
2019-03-20T23:48:00Z,9.3,13.9,28.4,scs-bgx-501,N2
2019-03-20T23:49:00Z,9.5,14.1,34.2,scs-bgx-501,N2
2019-03-20T23:50:00Z,9.5,14.0,26.3,scs-bgx-501,N2
2019-03-20T23:51:00Z,9.1,13.6,29.5,scs-bgx-501,N2
2019-03-20T23:52:00Z,9.1,13.8,30.7,scs-bgx-501,N2
2019-03-20T23:53:00Z,9.0,13.5,27.3,scs-bgx-501,N2
2019-03-20T23:54:00Z,8.7,12.9,28.7,scs-bgx-501,N2
2019-03-20T23:55:00Z,9.0,13.4,29.2,scs-bgx-501,N2
2019-03-20T23:56:00Z,9.1,13.5,27.3,scs-bgx-501,N2
2019-03-20T23:57:00Z,9.3,13.8,28.4,scs-bgx-501,N2
2019-03-20T23:58:00Z,9.3,13.7,24.9,scs-bgx-501,N2
2019-03-20T23:59:00Z,9.1,13.6,31.8,scs-bgx-501,N2
2019-03-21T00:00:00Z,8.8,12.9,24.7,scs-bgx-501,N2
